Resolution,Subsamples,Porosity,Blobiness,M0,M1,M2
500,4,0.75,9,0.755296,14399.669975694029,626
500,4,0.75,9,0.750624,14382.764384103006,576
500,4,0.75,9,0.743392,14267.336931211288,576
500,4,0.75,9,0.749024,14324.118677141809,580
500,16,0.75,9,0.758848,3554.974059747555,150
500,16,0.75,9,0.764864,3751.5253582997766,164
500,16,0.75,9,0.742656,3749.525358299776,145
500,16,0.75,9,0.758144,3666.720271772143,156
500,16,0.75,9,0.734016,3964.87564672522,171
500,16,0.75,9,0.763456,3674.3710293672248,169
500,16,0.75,9,0.743936,3805.194405858088,159
500,16,0.75,9,0.75776,3651.67254455739,144
500,16,0.75,9,0.73632,3682.406563273158,153
500,16,0.75,9,0.747264,3675.500971682136,151
500,16,0.75,9,0.756672,3615.210603780265,136
500,16,0.75,9,0.748992,3856.016736328425,159
500,16,0.75,9,0.748928,3673.68473786621,158
500,16,0.75,9,0.741056,3699.915185244509,146
500,16,0.75,9,0.7504,3648.6786412118,151
500,16,0.75,9,0.740032,3750.6613972690975,157
500,25,0.75,9,0.7503,2374.8977618330573,99
500,25,0.75,9,0.7558,2482.903858487467,102
500,25,0.75,9,0.7428,2425.5190821766164,85
500,25,0.75,9,0.7809,2296.4124804588187,110
500,25,0.75,9,0.7339,2506.8744212359443,103
500,25,0.75,9,0.749,2420.460207673571,104
500,25,0.75,9,0.7815,2360.607393931185,114
500,25,0.75,9,0.7494,2539.3069247615467,114
500,25,0.75,9,0.75,2427.152595828996,99
500,25,0.75,9,0.7523,2343.6429278371183,85
500,25,0.75,9,0.721,2454.1109652686537,103
500,25,0.75,9,0.7637,2443.566809391369,111
500,25,0.75,9,0.7546,2440.31197539543,107
500,25,0.75,9,0.7424,2468.3830432072955,102
500,25,0.75,9,0.7548,2413.418577113229,96
500,25,0.75,9,0.7596,2351.661217800348,98
500,25,0.75,9,0.7367,2395.364753244066,94
500,25,0.75,9,0.746,2381.5424227737303,90
500,25,0.75,9,0.7505,2448.123158577473,103
500,25,0.75,9,0.7512,2491.880517890354,107
500,25,0.75,9,0.7602,2412.075431362721,113
500,25,0.75,9,0.7463,2362.962732990513,92
500,25,0.75,9,0.7256,2523.8683245815346,89
500,25,0.75,9,0.7491,2253.400287149999,81
500,25,0.75,9,0.732,2470.8094500784887,107
500,100,0.75,9,0.738,615.842712474619,28
500,100,0.75,9,0.7268,678.541197284454,26
500,100,0.75,9,0.766,644.7655480083437,24
500,100,0.75,9,0.7632,638.286363288515,28
500,100,0.75,9,0.732,698.120887067671,25
500,100,0.75,9,0.7476,580.0792565073284,19
500,100,0.75,9,0.782,649.4345955666558,28
500,100,0.75,9,0.7772,591.4284989122459,29
500,100,0.75,9,0.7208,665.399061660723,35
500,100,0.75,9,0.7896,640.5229073212244,31
500,100,0.75,9,0.7848,648.1858582251266,32
500,100,0.75,9,0.7516,592.9371208835975,24
500,100,0.75,9,0.7096,717.3696244092002,28
500,100,0.75,9,0.7844,667.8132752230962,35
500,100,0.75,9,0.752,632.7066735052979,24
500,100,0.75,9,0.7396,695.0853531617382,29
500,100,0.75,9,0.7788,630.0731598529186,27
500,100,0.75,9,0.7856,624.6711395993652,37
500,100,0.75,9,0.6708,710.5706345359769,21
500,100,0.75,9,0.7544,649.2630226914019,31
500,100,0.75,9,0.7996,570.8305191657993,30
500,100,0.75,9,0.776,607.0792565073285,28
500,100,0.75,9,0.798,613.5229073212244,27
500,100,0.75,9,0.7828,680.2924599429248,37
500,100,0.75,9,0.7524,682.6711395993652,30
500,100,0.75,9,0.7192,674.8843430349616,26
500,100,0.75,9,0.6768,726.2985565973347,29
500,100,0.75,9,0.7636,588.8132752230962,27
500,100,0.75,9,0.7228,598.7655480083437,20
500,100,0.75,9,0.7604,650.6000717874997,28
500,100,0.75,9,0.718,722.5117600329311,32
500,100,0.75,9,0.7024,708.5056633785213,28
500,100,0.75,9,0.772,645.9432175380074,30
500,100,0.75,9,0.7732,632.9371208835975,26
500,100,0.75,9,0.79,672.1564209736039,37
500,100,0.75,9,0.736,704.683332908185,34
500,100,0.75,9,0.7916,595.7005768508881,29
500,100,0.75,9,0.768,682.5351006300441,27
500,100,0.75,9,0.7552,674.7716446627535,23
500,100,0.75,9,0.7708,613.6295090390227,27
500,100,0.75,9,0.75,641.2274887854692,28
500,100,0.75,9,0.718,651.5351006300441,28
500,100,0.75,9,0.766,686.8488091290288,29
500,100,0.75,9,0.7488,648.6000717874997,27
500,100,0.75,9,0.7268,691.7838379715733,37
500,100,0.75,9,0.776,654.5706345359768,31
500,100,0.75,9,0.7668,641.3574311003805,31
500,100,0.75,9,0.7056,695.0203820042827,25
500,100,0.75,9,0.7672,638.4579361637687,23
500,100,0.75,9,0.7392,664.0853531617383,27
500,100,0.75,9,0.7424,660.7716446627535,28
500,100,0.75,9,0.6736,713.4934700697015,28
500,100,0.75,9,0.7632,668.4284989122458,30
500,100,0.75,9,0.7768,667.2274887854693,32
500,100,0.75,9,0.7684,634.5229073212242,23
500,100,0.75,9,0.7472,656.8010819142763,25
500,100,0.75,9,0.7104,722.677236253775,30
500,100,0.75,9,0.7868,586.2802666341051,27
500,100,0.75,9,0.7644,645.4995667241113,28
500,100,0.75,9,0.7484,697.4345955666557,29
500,100,0.75,9,0.7396,655.564537881567,20
500,100,0.75,9,0.7672,602.1147904132612,25
500,100,0.75,9,0.7644,615.4224022578361,25
500,100,0.75,9,0.6888,656.1797615707168,19
500,100,0.75,9,0.7328,658.9493141924172,25
500,100,0.75,9,0.7504,609.8366158202092,22
500,100,0.75,9,0.7052,652.0498192558055,24
500,100,0.75,9,0.7512,644.0853531617383,30
500,100,0.75,9,0.7752,645.3279938488575,30
500,100,0.75,9,0.7792,653.9493141924173,32
500,100,0.75,9,0.744,662.848809129029,33
500,100,0.75,9,0.7876,629.7422074112307,31
500,100,0.75,9,0.7496,639.2508293825822,20
500,100,0.75,9,0.744,713.6356056934325,37
500,100,0.75,9,0.7216,666.3218971944477,26
500,100,0.75,9,0.7792,621.8366158202091,28
500,100,0.75,9,0.784,634.7777413171634,29
500,100,0.75,9,0.7616,674.7483040656406,34
500,100,0.75,9,0.6604,728.3696244092002,26
500,100,0.75,9,0.79,642.2569260369921,31
500,100,0.75,9,0.714,679.2985565973347,29
500,100,0.75,9,0.8024,616.8010819142764,36
500,100,0.75,9,0.716,667.6417023478424,22
500,100,0.75,9,0.7812,588.8010819142764,22
500,100,0.75,9,0.6852,661.9493141924173,19
500,100,0.75,9,0.7396,665.3929650063133,24
500,100,0.75,9,0.7748,618.8010819142764,24
500,100,0.75,9,0.7028,632.0853531617383,19
500,100,0.75,9,0.6908,688.2985565973347,32
500,100,0.75,9,0.7204,609.4934700697015,22
500,100,0.75,9,0.764,677.0498192558055,28
500,100,0.75,9,0.7604,629.8782463805518,30
500,100,0.75,9,0.7384,633.7005768508881,25
500,100,0.75,9,0.7496,667.2569260369921,35
500,100,0.75,9,0.7096,633.2924599429249,25
500,100,0.75,9,0.768,675.2569260369921,35
500,100,0.75,9,0.7508,605.9015869776648,27
500,100,0.75,9,0.768,612.4995667241114,23
500,100,0.75,9,0.8096,575.144227664784,32
500,100,0.75,9,0.7072,745.4112549695428,36
600,4,0.75,9,0.7642666666666666,17016.728163114047,612
600,4,0.75,9,0.7431,17628.88458408765,608
600,4,0.75,9,0.7496444444444444,17441.81247025526,585
600,4,0.75,9,0.7400222222222222,17550.00842974815,566
600,9,0.75,9,0.767775,7629.033472656848,281
600,9,0.75,9,0.745575,7903.408147699933,268
600,9,0.75,9,0.756775,7815.96954751992,288
600,9,0.75,9,0.752,7724.613162440066,246
600,9,0.75,9,0.7497,7810.182750955517,276
600,9,0.75,9,0.72955,8239.420341008752,270
600,9,0.75,9,0.752525,7944.23047817027,269
600,9,0.75,9,0.74985,7826.9279169595775,264
600,9,0.75,9,0.739575,8099.953349597743,266
600,16,0.75,9,0.7539111111111111,4456.196497899142,150
600,16,0.75,9,0.7574666666666666,4390.267565711007,160
600,16,0.75,9,0.7536444444444445,4531.3335828889885,165
600,16,0.75,9,0.7677333333333334,4356.918323306089,171
600,16,0.75,9,0.7689777777777778,4300.243179093367,151
600,16,0.75,9,0.7767111111111111,4518.9549032325485,179
600,16,0.75,9,0.7219111111111111,4599.143720050505,140
600,16,0.75,9,0.7291111111111112,4766.973193195778,161
600,16,0.75,9,0.7628888888888888,4361.900033342859,150
600,16,0.75,9,0.7335555555555555,4531.162010013734,153
600,16,0.75,9,0.7486666666666667,4442.983294463545,137
600,16,0.75,9,0.7454222222222222,4498.551836958469,162
600,16,0.75,9,0.7423555555555555,4664.481815167129,155
600,16,0.75,9,0.7597777777777778,4517.823914897111,155
600,16,0.75,9,0.7337333333333333,4573.641194733564,144
600,16,0.75,9,0.7322666666666666,4664.24527113442,153
600,25,0.75,9,0.7522916666666667,2989.793252156312,93
600,25,0.75,9,0.7653472222222222,2925.858223313768,112
600,25,0.75,9,0.7336111111111111,2901.100864000887,93
600,25,0.75,9,0.7673611111111112,2751.839933350538,103
600,25,0.75,9,0.7811805555555555,2861.0064555919084,114
600,25,0.75,9,0.7640277777777778,2865.651116532581,102
600,25,0.75,9,0.7815972222222223,2827.035892843431,110
600,25,0.75,9,0.7420833333333333,3032.965871052093,105
600,25,0.75,9,0.7194444444444444,3024.4206691542813,92
600,25,0.75,9,0.7463194444444444,3092.92424049175,109
600,25,0.75,9,0.7466666666666667,2890.7038943812167,92
600,25,0.75,9,0.7385416666666667,2985.840979371064,100
600,25,0.75,9,0.7514583333333333,2892.882609931407,102
600,25,0.75,9,0.7438194444444445,2906.2074657186854,103
600,25,0.75,9,0.7350694444444444,3038.752667616496,103
600,25,0.75,9,0.7854166666666667,2929.314067436483,104
600,25,0.75,9,0.7274305555555556,2941.195272409865,86
600,25,0.75,9,0.7486805555555556,2899.7160876900366,94
600,25,0.75,9,0.7498611111111111,2977.7282809988565,95
600,25,0.75,9,0.7324305555555556,2867.8937572197,100
600,25,0.75,9,0.7338194444444445,3071.746570962086,99
600,25,0.75,9,0.7820833333333334,2887.90595052852,112
600,25,0.75,9,0.7423611111111111,2865.852126659357,90
600,25,0.75,9,0.716875,3099.6288219559947,104
600,25,0.75,9,0.7436805555555556,2957.717133710563,105
600,36,0.75,9,0.7551,2076.179941039466,69
600,36,0.75,9,0.7943,1968.504796826744,82
600,36,0.75,9,0.7328,2056.144407133533,69
600,36,0.75,9,0.7537,2001.4225817265856,73
600,36,0.75,9,0.7484,2049.422581726585,77
600,36,0.75,9,0.7932,1983.629688507772,79
600,36,0.75,9,0.7651,2047.5586206959065,73
600,36,0.75,9,0.7566,2006.4936495384509,74
600,36,0.75,9,0.7622,2119.1748904055826,82
600,36,0.75,9,0.7336,2142.74848353439,68
600,36,0.75,9,0.7477,2091.7657274770927,70
600,36,0.75,9,0.7378,2225.13325984524,74
600,36,0.75,9,0.7358,2100.97283425828,62
600,36,0.75,9,0.7848,2027.9312036979368,68
600,36,0.75,9,0.7917,1986.215474945399,89
600,36,0.75,9,0.7269,2086.150503787944,70
600,36,0.75,9,0.7122,2195.5119395016804,71
600,36,0.75,9,0.7344,2222.997220875919,79
600,36,0.75,9,0.7846,1925.9129137347072,72
600,36,0.75,9,0.7028,2083.9494936611663,61
600,36,0.75,9,0.7259,2223.216520965925,76
600,36,0.75,9,0.7543,1985.4398256692884,57
600,36,0.75,9,0.7397,2139.085532630488,73
600,36,0.75,9,0.7319,2126.428678380996,67
600,36,0.75,9,0.7521,2166.819551346256,72
600,36,0.75,9,0.7716,1991.487552884041,75
600,36,0.75,9,0.7536,2066.635785162181,75
600,36,0.75,9,0.7597,2076.842891943368,72
600,36,0.75,9,0.7508,2111.635785162182,65
600,36,0.75,9,0.7243,2099.700756319637,60
600,36,0.75,9,0.7271,2175.6835123769342,70
600,36,0.75,9,0.7593,2067.35761056913,69
600,36,0.75,9,0.7698,2028.2804461028545,72
600,36,0.75,9,0.7163,2113.2154749453985,62
600,36,0.75,9,0.7391,2209.666268434231,81
600,36,0.75,9,0.7441,2127.7901140947324,75
600,64,0.75,9,0.7477333333333334,1225.850901170082,40
600,64,0.75,9,0.7610666666666667,1211.9097756731278,43
600,64,0.75,9,0.7646222222222222,1128.2529214236351,44
600,64,0.75,9,0.7150222222222222,1188.4305909532989,36
600,64,0.75,9,0.7240888888888889,1220.8569978244918,42
600,64,0.75,9,0.7349333333333333,1226.9219689819474,45
600,64,0.75,9,0.7669333333333334,1134.288455329568,49
600,64,0.75,9,0.8188444444444445,1078.6021638285529,48
600,64,0.75,9,0.7480888888888889,1188.2651147324552,41
600,64,0.75,9,0.7587555555555555,1139.294551983978,41
600,64,0.75,9,0.7699555555555555,1197.685424949238,49
600,64,0.75,9,0.7802666666666667,1206.537192671097,44
600,64,0.75,9,0.7614222222222222,1236.3778131046631,44
600,64,0.75,9,0.7941333333333334,1180.57272657703,45
600,64,0.75,9,0.7713777777777778,1223.4305909532989,48
600,64,0.75,9,0.7137777777777777,1271.8925317304245,40
600,64,0.75,9,0.7866666666666666,1132.146319705837,47
600,64,0.75,9,0.7898666666666667,1142.3950570473662,45
600,64,0.75,9,0.7772444444444444,1209.7859300126263,48
600,64,0.75,9,0.7955555555555556,1233.655987697715,53
600,64,0.75,9,0.6945777777777777,1262.7798333582166,35
600,64,0.75,9,0.7420444444444444,1195.980843484993,39
600,64,0.75,9,0.7338666666666667,1270.7209588551707,42
600,64,0.75,9,0.7256888888888889,1294.5849198858496,44
600,64,0.75,9,0.728,1222.430590953299,32
600,64,0.75,9,0.7713777777777778,1139.8387078612625,39
600,64,0.75,9,0.7479111111111111,1269.4488809165289,46
600,64,0.75,9,0.7861333333333334,1165.980843484993,45
600,64,0.75,9,0.7253333333333334,1212.0285706997458,38
600,64,0.75,9,0.7256888888888889,1272.9930367938127,40
600,64,0.75,9,0.6967111111111111,1279.999133448223,35
600,64,0.75,9,0.7601777777777777,1247.3067452927978,53
600,64,0.75,9,0.7712,1147.311795926681,38
600,64,0.75,9,0.7185777777777778,1197.3595231414336,33
600,64,0.75,9,0.6901333333333334,1250.0052301026326,46
600,64,0.75,9,0.7267555555555556,1321.6265504461924,44
600,64,0.75,9,0.7568,1111.596067174143,32
600,64,0.75,9,0.7260444444444445,1242.4722215136417,39
600,64,0.75,9,0.7450666666666667,1229.3300858899106,45
600,64,0.75,9,0.7463111111111111,1243.999133448223,44
600,64,0.75,9,0.7793777777777777,1274.0285706997456,47
600,64,0.75,9,0.7824,1111.980843484993,45
600,64,0.75,9,0.7534222222222222,1062.1046891454944,38
600,64,0.75,9,0.7639111111111111,1148.6143571373725,42
600,64,0.75,9,0.7434666666666667,1226.3300858899106,44
600,64,0.75,9,0.7683555555555556,1169.294551983978,38
600,64,0.75,9,0.7747555555555555,1102.9097756731278,48
600,64,0.75,9,0.7155555555555555,1215.401153701776,40
600,64,0.75,9,0.7237333333333333,1323.7625894155133,38
600,64,0.75,9,0.7930666666666667,1136.986940139403,49
600,64,0.75,9,0.7660444444444444,1212.0224740453357,46
600,64,0.75,9,0.7422222222222222,1232.3950570473662,40
600,64,0.75,9,0.7612444444444444,1185.3361825443208,43
600,64,0.75,9,0.7189333333333333,1200.407250356186,31
600,64,0.75,9,0.7367111111111111,1230.4722215136417,42
600,64,0.75,9,0.7013333333333334,1304.7564927611036,32
600,64,0.75,9,0.7310222222222222,1254.7859300126263,43
600,64,0.75,9,0.7216,1267.4427842621187,38
600,64,0.75,9,0.776,1172.679328294828,44
600,64,0.75,9,0.7548444444444444,1213.9514062334702,41
600,64,0.75,9,0.7290666666666666,1168.323989235501,35
600,64,0.75,9,0.7256888888888889,1295.1118318204308,53
600,64,0.75,9,0.7351111111111112,1265.8986283848344,47
600,64,0.75,9,0.7559111111111111,1188.8864350760148,43
600,100,0.75,9,0.7416666666666667,816.9320702497141,27
600,100,0.75,9,0.7502777777777778,855.1686142824236,28
600,100,0.75,9,0.7716666666666666,788.5706345359769,29
600,100,0.75,9,0.7377777777777778,797.4112549695427,28
600,100,0.75,9,0.7294444444444445,744.848809129029,24
600,100,0.75,9,0.7358333333333333,792.2102448427662,28
600,100,0.75,9,0.7533333333333333,759.1269837220809,27
600,100,0.75,9,0.7227777777777777,768.6122650963194,30
600,100,0.75,9,0.8066666666666666,790.9970414071697,34
600,100,0.75,9,0.7963888888888889,776.0325753131026,30
600,100,0.75,9,0.7494444444444445,794.0681092190351,24
600,100,0.75,9,0.7677777777777778,795.6122650963194,24
600,100,0.75,9,0.8141666666666667,763.3696244092001,31
600,100,0.75,9,0.7377777777777778,866.77269068328,35
600,100,0.75,9,0.7497222222222222,719.7838379715732,26
600,100,0.75,9,0.7194444444444444,855.9381669041239,29
600,100,0.75,9,0.7844444444444445,706.7483040656406,23
600,100,0.75,9,0.8088888888888889,747.7544007200505,34
600,100,0.75,9,0.7544444444444445,863.1097397793778,28
600,100,0.75,9,0.7672222222222222,789.7544007200504,27
600,100,0.75,9,0.7922222222222223,718.097546470558,31
600,100,0.75,9,0.7508333333333334,782.5533905932738,32
600,100,0.75,9,0.77,724.4762261269983,26
600,100,0.75,9,0.7741666666666667,802.0031380615796,30
600,100,0.75,9,0.7594444444444445,825.7665940288701,32
600,100,0.75,9,0.7113888888888888,846.9026329981913,26
600,100,0.75,9,0.7775,781.9970414071697,31
600,100,0.75,9,0.7247222222222223,794.7483040656405,23
600,100,0.75,9,0.7863888888888889,846.4884194358182,34
600,100,0.75,9,0.7080555555555555,864.2102448427662,25
600,100,0.75,9,0.7647222222222222,739.9493141924173,27
600,100,0.75,9,0.7483333333333333,843.5594872476836,26
600,100,0.75,9,0.765,827.5472939388638,25
600,100,0.75,9,0.8172222222222222,813.8965363437813,35
600,100,0.75,9,0.7930555555555555,780.9676041556469,33
600,100,0.75,9,0.7044444444444444,852.6599923110721,25
600,100,0.75,9,0.6783333333333333,899.0742058734452,24
600,100,0.75,9,0.6972222222222222,861.7604973744602,21
600,100,0.75,9,0.7308333333333333,838.4173516239528,28
600,100,0.75,9,0.76,815.653895656662,31
600,100,0.75,9,0.6988888888888889,834.6183617507294,23
600,100,0.75,9,0.8041666666666667,748.541197284454,27
600,100,0.75,9,0.7608333333333334,803.7188668141176,24
600,100,0.75,9,0.7830555555555555,783.6183617507293,32
600,100,0.75,9,0.775,760.8965363437815,36
600,100,0.75,9,0.73,765.5533905932738,26
600,100,0.75,9,0.7336111111111111,796.8904396893715,29
600,100,0.75,9,0.7452777777777778,812.4823227814084,29
600,100,0.75,9,0.6883333333333334,865.8376618407357,24
600,100,0.75,9,0.7519444444444444,791.7604973744603,35
600,100,0.75,9,0.7513888888888889,762.9198769408944,29
600,100,0.75,9,0.7322222222222222,774.1269837220809,24
600,100,0.75,9,0.7066666666666667,821.7249634685276,30
600,100,0.75,9,0.7036111111111111,805.4234482783626,29
600,100,0.75,9,0.7241666666666666,881.6721856198917,28
600,100,0.75,9,0.7766666666666666,746.3696244092001,23
600,100,0.75,9,0.7325,760.4406922210657,20
600,100,0.75,9,0.7638888888888888,795.8965363437813,34
600,100,0.75,9,0.7413888888888889,820.0031380615795,31
600,100,0.75,9,0.7586111111111111,757.1036431249679,29
600,100,0.75,9,0.835,741.3696244092002,37
600,100,0.75,9,0.8191666666666667,715.4640328181786,20
600,100,0.75,9,0.7311111111111112,789.7483040656406,23
600,100,0.75,9,0.6738888888888889,869.38181771802,24
600,100,0.75,9,0.7738888888888888,771.6183617507293,30
600,100,0.75,9,0.6808333333333333,806.8193718775061,20
600,100,0.75,9,0.7747222222222222,743.7188668141176,29
600,100,0.75,9,0.7447222222222222,795.0681092190351,31
600,100,0.75,9,0.7522222222222222,781.1625176280136,29
600,100,0.75,9,0.7186111111111111,832.9737008100567,30
600,100,0.75,9,0.7225,885.5950211536164,30
600,100,0.75,9,0.765,839.0447686219222,31
600,100,0.75,9,0.76,710.1564209736038,25
600,100,0.75,9,0.7447222222222222,828.8254685319159,26
600,100,0.75,9,0.7561111111111111,777.683332908185,24
600,100,0.75,9,0.7838888888888889,826.239682094289,33
600,100,0.75,9,0.7419444444444444,810.9259735953042,24
600,100,0.75,9,0.7380555555555556,817.0031380615796,28
600,100,0.75,9,0.7827777777777778,743.1269837220809,31
600,100,0.75,9,0.6761111111111111,812.1747109368334,21
600,100,0.75,9,0.7525,844.3523804664972,32
600,100,0.75,9,0.7388888888888889,831.4467888754756,23
600,100,0.75,9,0.8186111111111111,794.796031280393,41
600,100,0.75,9,0.7836111111111111,774.2396820942889,31
600,100,0.75,9,0.7202777777777778,791.7483040656405,23
600,100,0.75,9,0.7619444444444444,822.5533905932738,27
600,100,0.75,9,0.7694444444444445,789.0681092190351,30
600,100,0.75,9,0.6988888888888889,889.914826307011,30
600,100,0.75,9,0.7286111111111111,817.3229432149741,31
600,100,0.75,9,0.7202777777777778,810.9970414071697,25
600,100,0.75,9,0.7305555555555555,774.239682094289,25
600,100,0.75,9,0.7133333333333334,847.3462838120872,31
600,100,0.75,9,0.7533333333333333,806.6894295625949,27
600,100,0.75,9,0.7727777777777778,754.9615075012368,26
600,100,0.75,9,0.7577777777777778,796.5828278447965,29
600,100,0.75,9,0.7294444444444445,746.1269837220809,19
600,100,0.75,9,0.7019444444444445,790.2752160002217,28
600,100,0.75,9,0.6972222222222222,852.2874093090414,30
600,100,0.75,9,0.7480555555555556,868.1513703397204,33
600,100,0.75,9,0.7777777777777778,732.1980515339465,28
700,4,0.75,9,0.7540979591836735,20036.4392001702,589
700,4,0.75,9,0.7509469387755102,20347.17426490649,610
700,4,0.75,9,0.7482530612244898,20688.496162100942,578
700,4,0.75,9,0.744065306122449,20535.275815990408,578
700,16,0.75,9,0.7516081632653061,5248.0341597398765,155
700,16,0.75,9,0.7674122448979592,5138.193539306311,163
700,16,0.75,9,0.7402122448979592,5303.797615707167,150
700,16,0.75,9,0.7720163265306123,5130.827052958691,171
700,16,0.75,9,0.7544816326530612,5275.437226013957,155
700,16,0.75,9,0.7428897959183673,5188.471713899364,147
700,16,0.75,9,0.7538938775510204,5253.140761457676,155
700,16,0.75,9,0.737665306122449,5494.342817604978,160
700,16,0.75,9,0.7508897959183674,5291.401692108024,145
700,16,0.75,9,0.7451755102040817,5251.188488672427,140
700,16,0.75,9,0.7506285714285714,5315.389498799204,153
700,16,0.75,9,0.7459591836734694,5303.554975020049,141
700,16,0.75,9,0.7701551020408163,5255.61489554362,184
700,16,0.75,9,0.7267918367346938,5571.704253318715,143
700,16,0.75,9,0.7355428571428572,5482.549924386165,158
700,16,0.75,9,0.744130612244898,5229.437226013957,155
700,25,0.75,9,0.7618877551020408,3328.7476169826127,99
700,25,0.75,9,0.7534183673469388,3506.156779911102,107
700,25,0.75,9,0.7620918367346938,3327.7415203282026,101
700,25,0.75,9,0.7338265306122449,3536.8725086636405,101
700,25,0.75,9,0.7897448979591837,3182.457249080741,113
700,25,0.75,9,0.7488775510204082,3441.014644287371,100
700,25,0.75,9,0.7640816326530612,3268.8420253915915,100
700,25,0.75,9,0.7387755102040816,3425.86031535482,97
700,25,0.75,9,0.7485714285714286,3441.238995011261,97
700,25,0.75,9,0.7374489795918368,3478.63596463093,101
700,25,0.75,9,0.7526530612244898,3518.88470197246,105
700,25,0.75,9,0.7676020408163265,3314.280625571604,103
700,25,0.75,9,0.725969387755102,3568.298915534833,96
700,25,0.75,9,0.7797448979591837,3325.8186847944785,110
700,25,0.75,9,0.7218367346938775,3719.371029367225,98
700,25,0.75,9,0.7511734693877551,3482.328352786356,94
700,25,0.75,9,0.7439795918367347,3506.079615444827,88
700,25,0.75,9,0.7420408163265306,3544.9435764755062,95
700,25,0.75,9,0.7387244897959183,3542.020740941781,103
700,25,0.75,9,0.7511224489795918,3362.5405102014256,96
700,25,0.75,9,0.7744897959183673,3425.7425663487293,125
700,25,0.75,9,0.7312755102040817,3657.565942839592,103
700,25,0.75,9,0.7317857142857143,3545.5648968190653,94
700,25,0.75,9,0.7227040816326531,3515.914139223983,91
700,25,0.75,9,0.7596938775510204,3360.629867976521,108
700,49,0.75,9,0.7456,1797.7352442050433,58
700,49,0.75,9,0.7781,1834.693613644701,60
700,49,0.75,9,0.7944,1703.6814203358813,61
700,49,0.75,9,0.7275,1811.9240610230004,46
700,49,0.75,9,0.7502,1808.829652614022,51
700,49,0.75,9,0.7492,1866.4215357060589,53
700,49,0.75,9,0.7947,1680.746391493337,63
700,49,0.75,9,0.7598,1743.137264458597,51
700,49,0.75,9,0.7512,1910.4692629208112,55
700,49,0.75,9,0.7406,1809.7524881477464,55
700,49,0.75,9,0.7528,1793.9362543318202,56
700,49,0.75,9,0.7506,1810.7941187080887,48
700,49,0.75,9,0.7425,1955.676369701998,62
700,49,0.75,9,0.7726,1667.7524881477466,54
700,49,0.75,9,0.7648,1825.6053018901323,62
700,49,0.75,9,0.7394,1702.1189744953672,45
700,49,0.75,9,0.732,1689.0540033379116,39
700,49,0.75,9,0.7758,1735.651983084358,58
700,49,0.75,9,0.7638,1826.4509729575816,52
700,49,0.75,9,0.7418,1885.6936136447007,57
700,49,0.75,9,0.7139,1923.5697679842,49
700,49,0.75,9,0.7481,1944.854039231661,61
700,49,0.75,9,0.7646,1760.859089865545,49
700,49,0.75,9,0.7602,1808.4631662664008,62
700,49,0.75,9,0.723,1855.8002153625,52
700,49,0.75,9,0.7628,1804.835749268432,61
700,49,0.75,9,0.7517,1850.1200205158937,56
700,49,0.75,9,0.7443,1911.3748545118328,51
700,49,0.75,9,0.7624,1726.9362543318202,55
700,49,0.75,9,0.7478,1910.1200205158937,44
700,49,0.75,9,0.7548,1771.0600999923215,38
700,49,0.75,9,0.7106,1952.161651076236,49
700,49,0.75,9,0.7144,1919.090583264371,48
700,49,0.75,9,0.7754,1760.995128834866,60
700,49,0.75,9,0.7364,1864.0722933011407,49
700,49,0.75,9,0.7464,1835.492603517924,56
700,49,0.75,9,0.7367,1848.835749268432,53
700,49,0.75,9,0.7555,1800.670273047588,57
700,49,0.75,9,0.7566,1859.3565645486035,57
700,49,0.75,9,0.7512,1770.4093423972392,54
700,49,0.75,9,0.7576,1746.5870119269027,54
700,49,0.75,9,0.7302,1842.107827207074,52
700,49,0.75,9,0.782,1790.664176393178,62
700,49,0.75,9,0.7525,1893.4103884177653,65
700,49,0.75,9,0.7125,1934.8834764831845,49
700,49,0.75,9,0.7319,1935.782971419796,57
700,49,0.75,9,0.7075,1863.628642487245,45
700,49,0.75,9,0.7356,1813.7413408594527,51
700,49,0.75,9,0.7637,1789.078389955551,60
700,100,0.75,9,0.716530612244898,1005.16966030295,29
700,100,0.75,9,0.8391836734693877,859.7310601229375,35
700,100,0.75,9,0.7351020408163266,1007.6488450227786,32
700,100,0.75,9,0.7581632653061224,906.8376618407356,32
700,100,0.75,9,0.7806122448979592,905.210244842766,25
700,100,0.75,9,0.7379591836734694,944.1219330881976,28
700,100,0.75,9,0.7357142857142858,971.2285348059958,34
700,100,0.75,9,0.7130612244897959,991.5777772109132,31
700,100,0.75,9,0.7830612244897959,922.666088965482,32
700,100,0.75,9,0.8144897959183673,834.3462838120872,33
700,100,0.75,9,0.7436734693877551,927.7604973744602,24
700,100,0.75,9,0.7481632653061224,872.9026329981913,21
700,100,0.75,9,0.7608163265306123,952.5422433049804,32
700,100,0.75,9,0.7595918367346939,916.3229432149742,26
700,100,0.75,9,0.8038775510204081,871.5239533417509,36
700,100,0.75,9,0.7259183673469388,889.8731957466683,28
700,100,0.75,9,0.7271428571428571,933.1158364337876,19
700,100,0.75,9,0.7593877551020408,913.7310601229374,30
700,100,0.75,9,0.7687755102040816,899.8143212436227,33
700,100,0.75,9,0.7926530612244898,821.9320702497141,30
700,100,0.75,9,0.7536734693877551,980.9858941188766,27
700,100,0.75,9,0.7693877551020408,918.77269068328,27
700,100,0.75,9,0.7434693877551021,894.9442635585337,27
700,100,0.75,9,0.7485714285714286,939.6011178080262,31
700,100,0.75,9,0.7083673469387755,1000.8853890554882,27
700,100,0.75,9,0.7465306122448979,937.2579720575186,28
700,100,0.75,9,0.7563265306122449,895.6660889654819,24
700,100,0.75,9,0.7716326530612245,985.335136523794,36
700,100,0.75,9,0.7559183673469387,904.9797974644666,32
700,100,0.75,9,0.7187755102040816,909.4356415871824,25
700,100,0.75,9,0.7753061224489796,928.77878733769,31
700,100,0.75,9,0.6971428571428572,963.8082245892128,21
700,100,0.75,9,0.7775510204081633,867.796031280393,30
700,100,0.75,9,0.786734693877551,835.3168465605643,25
700,100,0.75,9,0.7277551020408163,925.0742058734452,20
700,100,0.75,9,0.7724489795918368,933.7016228714148,32
700,100,0.75,9,0.7485714285714286,960.222438151586,26
700,100,0.75,9,0.7177551020408163,943.0742058734452,22
700,100,0.75,9,0.7395918367346939,930.4234482783623,25
700,100,0.75,9,0.7355102040816327,990.8204178980324,31
700,100,0.75,9,0.7220408163265306,1023.5838738653232,33
700,100,0.75,9,0.7418367346938776,922.1219330881976,27
700,100,0.75,9,0.7722448979591837,869.659992311072,26
700,100,0.75,9,0.8014285714285714,844.1097397793777,33
700,100,0.75,9,0.6812244897959183,1025.5483399593904,29
700,100,0.75,9,0.6946938775510204,939.4001076812496,24
700,100,0.75,9,0.8073469387755102,905.2752160002216,27
700,100,0.75,9,0.7769387755102041,988.305699272271,39
700,100,0.75,9,0.7328571428571429,1010.3767670841366,31
700,100,0.75,9,0.7406122448979592,977.77878733769,29
700,100,0.75,9,0.7636734693877552,946.4295449327724,28
700,100,0.75,9,0.7830612244897959,927.2224381515858,30
700,100,0.75,9,0.7544897959183674,977.0275246792193,30
700,100,0.75,9,0.7422448979591837,965.4711754931152,26
700,100,0.75,9,0.7218367346938775,951.4650788387052,27
700,100,0.75,9,0.8061224489795918,929.7310601229374,30
700,100,0.75,9,0.7461224489795918,949.8143212436228,29
700,100,0.75,9,0.7885714285714286,832.5472939388637,25
700,100,0.75,9,0.73,976.4772721475248,30
700,100,0.75,9,0.6838775510204081,1036.4123009900693,21
700,100,0.75,9,0.7675510204081633,910.7016228714144,29
700,100,0.75,9,0.7516326530612245,980.2640687119284,28
700,100,0.75,9,0.7675510204081633,951.7077195258244,26
700,100,0.75,9,0.7373469387755102,937.0153313703994,22
700,100,0.75,9,0.7377551020408163,975.0863991822648,25
700,100,0.75,9,0.6779591836734694,1028.9564568673536,23
700,100,0.75,9,0.7081632653061225,1014.3706704297268,27
700,100,0.75,9,0.7612244897959184,953.6011178080262,32
700,100,0.75,9,0.79,930.1219330881976,34
700,100,0.75,9,0.7506122448979592,958.7310601229376,22
700,100,0.75,9,0.730204081632653,936.0863991822648,25
700,100,0.75,9,0.7553061224489795,974.6427483683688,27
700,100,0.75,9,0.7204081632653061,988.5655839020936,23
700,100,0.75,9,0.7506122448979592,950.1219330881976,31
700,100,0.75,9,0.7510204081632653,999.329039869384,28
700,100,0.75,9,0.8014285714285714,877.7665940288703,29
700,100,0.75,9,0.7297959183673469,942.0924958366746,32
700,100,0.75,9,0.7557142857142857,913.5300499961608,28
700,100,0.75,9,0.7073469387755102,936.6721856198916,21
700,100,0.75,9,0.7565306122448979,864.8315651863259,30
700,100,0.75,9,0.766734693877551,951.7432534317572,33
700,100,0.75,9,0.763265306122449,939.8437584951456,32
700,100,0.75,9,0.7442857142857143,941.4356415871824,29
700,100,0.75,9,0.7293877551020408,960.8498551495554,28
700,100,0.75,9,0.7295918367346939,927.4234482783626,21
700,100,0.75,9,0.7944897959183673,945.358477120907,35
700,100,0.75,9,0.7251020408163266,953.4062043356596,36
700,100,0.75,9,0.8077551020408164,828.6244584051392,30
700,100,0.75,9,0.7695918367346939,867.0803025278549,30
700,100,0.75,9,0.7618367346938776,910.5361466505706,31
700,100,0.75,9,0.8075510204081633,919.6721856198916,38
700,100,0.75,9,0.7604081632653061,965.4711754931152,32
700,100,0.75,9,0.7334693877551021,1002.4062043356594,30
700,100,0.75,9,0.7179591836734693,1039.2407281148155,28
700,100,0.75,9,0.7189795918367347,974.5361466505708,22
700,100,0.75,9,0.6840816326530612,1063.477272147525,25
700,100,0.75,9,0.7148979591836735,974.2874093090414,19
700,100,0.75,9,0.643061224489796,1059.5189027078677,21
700,100,0.75,9,0.776734693877551,908.494516090228,29
700,100,0.75,9,0.7306122448979592,1027.4062043356596,29
800,4,0.75,9,0.7494375,23364.69648514469,580
800,4,0.75,9,0.752325,22938.13194726313,576
800,4,0.75,9,0.74955,23198.121845995352,585
800,4,0.75,9,0.7458625,23724.87624671541,607
800,16,0.75,9,0.750475,5996.493141924172,153
800,16,0.75,9,0.743325,6048.286035142985,133
800,16,0.75,9,0.75795,5948.912406120429,144
800,16,0.75,9,0.76485,5807.835241654154,156
800,16,0.75,9,0.756825,6105.298228451806,158
800,16,0.75,9,0.747125,6238.600789662497,164
800,16,0.75,9,0.745275,5949.498192558056,145
800,16,0.75,9,0.741225,6276.269837220809,158
800,16,0.75,9,0.73665,6082.020053858753,151
800,16,0.75,9,0.767,5993.173336770778,162
800,16,0.75,9,0.7582,6167.63022691402,175
800,16,0.75,9,0.739575,6104.352052320968,152
800,16,0.75,9,0.7209,6002.149996173664,126
800,16,0.75,9,0.77365,5986.919548795365,176
800,16,0.75,9,0.754025,6166.481994635879,167
800,16,0.75,9,0.73165,6126.86067429232,143
800,25,0.75,9,0.750703125,3899.247183706724,103
800,25,0.75,9,0.746640625,4000.460387142321,93
800,25,0.75,9,0.7569921875,3855.9273785533296,92
800,25,0.75,9,0.7684765625,3663.642061285341,97
800,25,0.75,9,0.747578125,3895.199456491971,104
800,25,0.75,9,0.748359375,4020.46648379673,99
800,25,0.75,9,0.7495703125,3964.578136148411,100
800,25,0.75,9,0.7619921875,3764.3172054980632,93
800,25,0.75,9,0.7072265625,4283.940617882676,84
800,25,0.75,9,0.7641015625,3883.7974362384175,103
800,25,0.75,9,0.746640625,4003.537551608596,102
800,25,0.75,9,0.765390625,3864.454290487911,108
800,25,0.75,9,0.7475,4133.946714537085,115
800,25,0.75,9,0.760703125,3930.0106396740143,108
800,25,0.75,9,0.745078125,4182.846209473698,114
800,25,0.75,9,0.72546875,4042.294910921477,87
800,25,0.75,9,0.7615234375,3904.442097179091,107
800,25,0.75,9,0.74546875,3895.051224213831,88
800,25,0.75,9,0.7591796875,3946.324348173,107
800,25,0.75,9,0.728125,4105.8634534164,93
800,25,0.75,9,0.7225390625,3963.9629124592616,85
800,25,0.75,9,0.7716796875,3996.922327919446,120
800,25,0.75,9,0.76734375,3845.536505588069,110
800,25,0.75,9,0.74546875,4139.4553365084375,106
800,25,0.75,9,0.73859375,3866.027883616718,98
800,64,0.75,9,0.7462,1642.9829355260465,43
800,64,0.75,9,0.7826,1557.8286065934956,52
800,64,0.75,9,0.7239,1553.1301217836606,34
800,64,0.75,9,0.7708,1650.9474016201136,45
800,64,0.75,9,0.7706,1596.5148980945107,43
800,64,0.75,9,0.7841,1518.195092941116,43
800,64,0.75,9,0.7352,1616.337228564847,30
800,64,0.75,9,0.7546,1505.786976033153,44
800,64,0.75,9,0.7142,1598.6925676241744,33
800,64,0.75,9,0.7589,1619.2489168102786,44
800,64,0.75,9,0.7731,1655.7636354360395,40
800,64,0.75,9,0.7055,1658.012372777569,27
800,64,0.75,9,0.7631,1597.37276247078,29
800,64,0.75,9,0.714,1763.3321779309638,40
800,64,0.75,9,0.764,1636.284450716211,46
800,64,0.75,9,0.8056,1551.5859659063765,50
800,64,0.75,9,0.7487,1681.3910524340097,42
800,64,0.75,9,0.758,1590.8225099390856,40
800,64,0.75,9,0.7349,1724.131167804187,46
800,64,0.75,9,0.7325,1746.6042558696058,41
800,64,0.75,9,0.7515,1501.8752877877214,38
800,64,0.75,9,0.7161,1729.456023591465,36
800,64,0.75,9,0.743,1720.4032457428293,44
800,64,0.75,9,0.7258,1734.0834405894343,35
800,64,0.75,9,0.7297,1727.7880220536797,47
800,64,0.75,9,0.7909,1552.006276123159,49
800,64,0.75,9,0.7506,1716.409342397239,47
800,64,0.75,9,0.7705,1537.6803743153546,43
800,64,0.75,9,0.7984,1531.5737725975564,43
800,64,0.75,9,0.7151,1696.1606050557098,40
800,64,0.75,9,0.7453,1637.426586339942,40
800,64,0.75,9,0.7508,1733.8590898655448,53
800,64,0.75,9,0.7625,1589.4499269370551,42
800,64,0.75,9,0.7372,1695.562625309263,35
800,64,0.75,9,0.7908,1591.2306268470488,48
800,64,0.75,9,0.7294,1832.7585848021563,42
800,64,0.75,9,0.7902,1727.0722933011411,56
800,64,0.75,9,0.7624,1687.9474016201136,52
800,64,0.75,9,0.7553,1736.2794000823278,49
800,64,0.75,9,0.751,1629.8407999023154,48
800,64,0.75,9,0.7222,1722.7880220536792,47
800,64,0.75,9,0.7247,1606.2367235014588,37
800,64,0.75,9,0.7911,1560.76363543604,52
800,64,0.75,9,0.7567,1547.4793641885778,33
800,64,0.75,9,0.7261,1650.3555185280766,38
800,64,0.75,9,0.7541,1637.4854608429878,44
800,64,0.75,9,0.7177,1540.5504320004434,29
800,64,0.75,9,0.7343,1676.9768388716363,39
800,64,0.75,9,0.7072,1715.587011926903,34
800,64,0.75,9,0.706,1701.326081276554,32
800,64,0.75,9,0.7707,1692.0245660863889,56
800,64,0.75,9,0.76,1685.018469431979,49
800,64,0.75,9,0.759,1602.4915574973977,46
800,64,0.75,9,0.7683,1677.5331880577403,48
800,64,0.75,9,0.737,1693.0661966467314,50
800,64,0.75,9,0.7024,1753.6519830843583,39
800,64,0.75,9,0.7435,1458.940258945177,38
800,64,0.75,9,0.7269,1589.6925676241744,38
800,64,0.75,9,0.7846,1567.012372777569,54
800,64,0.75,9,0.7793,1476.4377336282353,39
800,64,0.75,9,0.761,1664.5270914033306,48
800,64,0.75,9,0.7278,1734.6753236814714,38
800,64,0.75,9,0.7314,1576.7991693419726,34
800,64,0.75,9,0.7558,1503.36666581637,39
800,100,0.75,9,0.7425,1122.3828637385466,27
800,100,0.75,9,0.7475,1068.2701653663382,27
800,100,0.75,9,0.7465625,1033.4062043356596,27
800,100,0.75,9,0.75453125,1021.4711754931152,27
800,100,0.75,9,0.76765625,1061.3473298326137,29
800,100,0.75,9,0.75484375,1100.0691552395615,31
800,100,0.75,9,0.8025,985.9503602129436,31
800,100,0.75,9,0.76296875,1010.5067093990476,24
800,100,0.75,9,0.7515625,1016.7077195258246,24
800,100,0.75,9,0.78,1019.920922961421,30
800,100,0.75,9,0.73421875,1066.3412331782038,24
800,100,0.75,9,0.77859375,1042.6549416771886,38
800,100,0.75,9,0.7378125,1185.294551983978,31
800,100,0.75,9,0.74765625,1124.004184082106,24
800,100,0.75,9,0.7159375,1105.5249993622774,22
800,100,0.75,9,0.78953125,975.630555059549,23
800,100,0.75,9,0.7,1092.648845022779,26
800,100,0.75,9,0.8084375,969.216341497176,27
800,100,0.75,9,0.71359375,1194.045814642449,33
800,100,0.75,9,0.74515625,1035.927019615831,31
800,100,0.75,9,0.73390625,1053.2996026178614,23
800,100,0.75,9,0.6909375,1130.7026688919411,24
800,100,0.75,9,0.78640625,1047.6011178080262,29
800,100,0.75,9,0.7525,1051.199097554473,23
800,100,0.75,9,0.74296875,1086.033621333629,25
800,100,0.75,9,0.73890625,1016.642748368369,21
800,100,0.75,9,0.7046875,1170.4600282048218,24
800,100,0.75,9,0.7278125,1167.809270609739,28
800,100,0.75,9,0.80921875,1087.8265145524424,38
800,100,0.75,9,0.78546875,1037.5128060534576,34
800,100,0.75,9,0.768125,1125.5544366138,30
800,100,0.75,9,0.80046875,1050.755446740577,35
800,100,0.75,9,0.75578125,1055.1219330881977,27
800,100,0.75,9,0.70359375,1201.850901170082,34
800,100,0.75,9,0.7775,1102.726009489054,32
800,100,0.75,9,0.78859375,947.3879143724298,26
800,100,0.75,9,0.7153125,1134.2996026178612,22
800,100,0.75,9,0.68109375,1210.9453095790604,21
800,100,0.75,9,0.7575,1042.648845022779,23
800,100,0.75,9,0.70421875,1097.5189027078677,21
800,100,0.75,9,0.71375,1160.282358675158,29
800,100,0.75,9,0.77796875,1056.4833688019348,26
800,100,0.75,9,0.7690625,1102.4183976444792,32
800,100,0.75,9,0.754375,1045.6904755831215,29
800,100,0.75,9,0.735625,1068.8559518039654,25
800,100,0.75,9,0.76265625,1147.033621333629,30
800,100,0.75,9,0.7659375,1069.8204178980327,27
800,100,0.75,9,0.7559375,1099.7615433949868,26
800,100,0.75,9,0.73921875,1113.773736703807,32
800,100,0.75,9,0.76296875,1136.8803384216048,40
800,100,0.75,9,0.74359375,1061.726009489054,29
800,100,0.75,9,0.75125,1115.7909806465095,31
800,100,0.75,9,0.764375,1009.9919907732864,26
800,100,0.75,9,0.77375,1095.2051942088826,33
800,100,0.75,9,0.7353125,1158.288455329568,30
800,100,0.75,9,0.75640625,1186.3778131046631,40
800,100,0.75,9,0.76625,1101.6965722375312,37
800,100,0.75,9,0.7546875,1051.755446740577,32
800,100,0.75,9,0.74890625,1173.714862200761,33
800,100,0.75,9,0.72921875,1059.9858941188763,24
800,100,0.75,9,0.726875,1143.9392129246503,30
800,100,0.75,9,0.75671875,1048.4356415871823,25
800,100,0.75,9,0.805,953.2518754031088,32
800,100,0.75,9,0.78875,1054.8265145524424,32
800,100,0.75,9,0.748125,1143.3828637385463,26
800,100,0.75,9,0.74921875,1015.216341497176,23
800,100,0.75,9,0.7890625,1075.004184082106,35
800,100,0.75,9,0.7565625,1011.8498551495554,26
800,100,0.75,9,0.75125,1062.897582364308,26
800,100,0.75,9,0.721875,1215.8153672641492,30
800,100,0.75,9,0.72171875,1130.2173875177025,25
800,100,0.75,9,0.6965625,1083.583873865323,19
800,100,0.75,9,0.70734375,1169.033621333629,22
800,100,0.75,9,0.745,1103.2112908632928,34
800,100,0.75,9,0.75890625,988.1513703397204,23
800,100,0.75,9,0.725625,1154.395057047366,26
800,100,0.75,9,0.7715625,1044.8204178980325,27
800,100,0.75,9,0.71953125,1156.4661248592315,33
800,100,0.75,9,0.7259375,1035.3767670841366,29
800,100,0.75,9,0.7134375,1140.3828637385466,24
800,100,0.75,9,0.694375,1184.6671349860085,17
800,100,0.75,9,0.67265625,1173.8092706097395,28
800,100,0.75,9,0.77265625,1145.4955621107547,37
800,100,0.75,9,0.76453125,1127.424494298889,35
800,100,0.75,9,0.7975,1121.755446740577,34
800,100,0.75,9,0.77,1029.2640687119283,34
800,100,0.75,9,0.769375,1115.1107857999043,34
800,100,0.75,9,0.73890625,1212.56662992262,28
800,100,0.75,9,0.73921875,1122.2051942088829,27
800,100,0.75,9,0.71640625,1127.596067174143,30
800,100,0.75,9,0.7834375,914.0681092190353,27
800,100,0.75,9,0.7396875,1048.5422433049805,24
800,100,0.75,9,0.74671875,1048.477272147525,24
800,100,0.75,9,0.8028125,1060.477272147525,38
800,100,0.75,9,0.74109375,1036.7848839921,22
800,100,0.75,9,0.76078125,1111.1341263970176,30
800,100,0.75,9,0.74421875,1132.3178925810907,31
800,100,0.75,9,0.729375,1084.8620484583753,24
800,100,0.75,9,0.73546875,1030.471175493115,23
800,100,0.75,9,0.76328125,999.4001076812496,27
900,4,0.75,9,0.7516246913580247,26307.12115891233,586
900,4,0.75,9,0.7534222222222222,26072.35265231116,601
900,4,0.75,9,0.7540296296296296,26410.08162039304,616
900,4,0.75,9,0.7374617283950617,26382.775054568992,533
900,9,0.75,9,0.7565888888888889,11721.49385979917,262
900,9,0.75,9,0.7559666666666667,11792.447178604943,267
900,9,0.75,9,0.754,11874.519292437337,282
900,9,0.75,9,0.7528888888888889,12094.111175529371,285
900,9,0.75,9,0.7423777777777778,12106.401543431244,258
900,9,0.75,9,0.7212,12234.679718024296,241
900,9,0.75,9,0.7564,11948.424884028356,283
900,9,0.75,9,0.7502888888888889,11906.312185656148,280
900,9,0.75,9,0.7525,11512.358866850374,256
900,16,0.75,9,0.7518617283950617,6790.815039118619,149
900,16,0.75,9,0.7462518518518518,6848.360241016431,151
900,16,0.75,9,0.7742814814814815,6554.252593278105,167
900,16,0.75,9,0.7504592592592593,6791.585637760846,160
900,16,0.75,9,0.7548246913580247,6936.4901833313415,157
900,16,0.75,9,0.7535604938271605,6893.11760032931,159
900,16,0.75,9,0.7413333333333333,7086.568393818144,153
900,16,0.75,9,0.7476148148148148,6797.808942464209,148
900,16,0.75,9,0.7638123456790123,6814.448552770999,158
900,16,0.75,9,0.7465283950617284,6964.673949515416,152
900,16,0.75,9,0.7370666666666666,6934.686142824235,144
900,16,0.75,9,0.6944197530864198,7212.906488934768,115
900,16,0.75,9,0.7436444444444444,7004.355190382547,155
900,16,0.75,9,0.7621333333333333,6830.094259732199,175
900,16,0.75,9,0.744553086419753,6896.692239478645,157
900,16,0.75,9,0.7738074074074074,6388.081020402852,148
900,25,0.75,9,0.7518518518518519,4474.023879003361,102
900,25,0.75,9,0.7475,4452.680733252853,86
900,25,0.75,9,0.7808950617283951,4323.1893552242045,117
900,25,0.75,9,0.7673765432098766,4223.555841571826,101
900,25,0.75,9,0.7595679012345679,4462.977197809135,110
900,25,0.75,9,0.7633641975308642,4455.781238316242,99
900,25,0.75,9,0.7512037037037037,4537.0066350606585,102
900,25,0.75,9,0.7487654320987654,4388.130480721159,102
900,25,0.75,9,0.7377160493827161,4603.344730177282,107
900,25,0.75,9,0.7263271604938272,4623.5629842467615,91
900,25,0.75,9,0.7362962962962963,4562.983294463545,96
900,25,0.75,9,0.7553703703703704,4561.776187682359,104
900,25,0.75,9,0.7330246913580247,4542.746750430835,91
900,25,0.75,9,0.7344444444444445,4480.527450340829,94
900,25,0.75,9,0.7405864197530864,4483.349780811165,103
900,25,0.75,9,0.7728703703703703,4366.201548533025,114
900,25,0.75,9,0.7691358024691358,4455.036072312181,114
900,25,0.75,9,0.7358333333333333,4500.349780811166,95
900,25,0.75,9,0.726820987654321,4489.539643649649,91
900,25,0.75,9,0.7146913580246913,4399.941663903202,74
900,25,0.75,9,0.7367592592592592,4639.1609639932085,101
900,25,0.75,9,0.7617283950617284,4404.66348931015,109
900,25,0.75,9,0.746820987654321,4511.012731715067,103
900,25,0.75,9,0.7559567901234568,4404.835062185404,106
900,25,0.75,9,0.7734567901234568,4208.645199346921,108
900,36,0.75,9,0.7555111111111111,3235.361794651236,78
900,36,0.75,9,0.7772888888888889,2995.2013690642752,73
900,36,0.75,9,0.7381333333333333,3266.101910021413,70
900,36,0.75,9,0.7875555555555556,2925.5089809088504,77
900,36,0.75,9,0.7507555555555555,3125.545560835309,76
900,36,0.75,9,0.7765333333333333,3003.385135248349,82
900,36,0.75,9,0.7487111111111111,3028.615582626648,65
900,36,0.75,9,0.7448444444444444,3140.2612895878474,72
900,36,0.75,9,0.7548888888888889,3046.923194471224,72
900,36,0.75,9,0.7432888888888889,3260.7942981768383,73
900,36,0.75,9,0.7557333333333334,3234.3090168026,78
900,36,0.75,9,0.7329777777777777,3220.847076025474,64
900,36,0.75,9,0.7612444444444444,3235.91814383734,75
900,36,0.75,9,0.7354666666666667,3380.835928737181,74
900,36,0.75,9,0.7485333333333334,3168.6399692442883,71
900,36,0.75,9,0.7437777777777778,3256.0075016124347,73
900,36,0.75,9,0.7435111111111111,3193.184125121572,70
900,36,0.75,9,0.7466666666666667,3087.1597385039327,68
900,36,0.75,9,0.7575111111111111,3155.148591215639,76
900,36,0.75,9,0.7573333333333333,3138.941484434453,74
900,36,0.75,9,0.7352444444444445,3289.5810947412424,69
900,36,0.75,9,0.7419555555555556,3158.4622997146244,62
900,36,0.75,9,0.6859111111111111,3463.6054813588817,58
900,36,0.75,9,0.7087111111111111,3271.9191898578665,65
900,36,0.75,9,0.7619111111111111,3161.2612895878474,82
900,36,0.75,9,0.7796888888888889,3034.462299714624,80
900,36,0.75,9,0.7686222222222222,3085.9059505285204,84
900,36,0.75,9,0.7262222222222222,3297.764860925316,64
900,36,0.75,9,0.7264888888888889,3255.120199984643,65
900,36,0.75,9,0.7443111111111111,3016.456203060214,62
900,36,0.75,9,0.7442222222222222,3258.338454054124,73
900,36,0.75,9,0.7397777777777778,3169.137443927346,74
900,36,0.75,9,0.7419555555555556,3260.1729778332788,76
900,36,0.75,9,0.7643555555555556,3077.207465718685,71
900,36,0.75,9,0.7572888888888889,2943.834882716654,76
900,36,0.75,9,0.7819111111111111,2937.4440097513943,78
900,81,0.75,9,0.7575,1583.3788591251898,42
900,81,0.75,9,0.7846,1486.241774135342,33
900,81,0.75,9,0.782,1338.436687607709,32
900,81,0.75,9,0.7159,1565.9646455628167,26
900,81,0.75,9,0.8032,1323.720958855171,38
900,81,0.75,9,0.7957,1413.946355599587,37
900,81,0.75,9,0.7614,1407.662084352125,36
900,81,0.75,9,0.7372,1534.621499812309,38
900,81,0.75,9,0.757,1416.5971131946694,34
900,81,0.75,9,0.7114,1501.1534623807734,30
900,81,0.75,9,0.7418,1435.999133448223,28
900,81,0.75,9,0.7756,1486.9585489084068,33
900,81,0.75,9,0.7218,1556.5088014401008,36
900,81,0.75,9,0.7181,1574.5382386916235,33
900,81,0.75,9,0.7716,1392.8275605729689,33
900,81,0.75,9,0.7809,1471.1118318204308,39
900,81,0.75,9,0.7846,1365.1057351660208,37
900,81,0.75,9,0.7488,1457.5737725975564,36
900,81,0.75,9,0.7929,1396.3128419472075,32
900,81,0.75,9,0.7204,1613.621499812309,34
900,81,0.75,9,0.7431,1497.7331521639903,29
900,81,0.75,9,0.7867,1444.170706323477,34
900,81,0.75,9,0.7665,1380.798123321446,30
900,81,0.75,9,0.7242,1592.071247280615,36
900,81,0.75,9,0.7571,1514.3494218736669,41
900,81,0.75,9,0.7215,1549.923015002474,33
900,81,0.75,9,0.7375,1522.9108216936545,30
900,81,0.75,9,0.7546,1540.502704785691,34
900,81,0.75,9,0.7905,1450.3483758531402,37
900,81,0.75,9,0.7372,1639.1128778409573,35
900,81,0.75,9,0.7461,1572.307791313324,37
900,81,0.75,9,0.724,1472.8397538817887,28
900,81,0.75,9,0.7232,1614.0001794687494,34
900,81,0.75,9,0.6865,1578.5737725975564,27
900,81,0.75,9,0.7449,1604.75144212722,40
900,81,0.75,9,0.7461,1414.685424949238,30
900,81,0.75,9,0.7454,1536.615403157899,35
900,81,0.75,9,0.7265,1588.1656556895932,30
900,81,0.75,9,0.7365,1569.331131910437,35
900,81,0.75,9,0.7754,1407.2539674441618,37
900,81,0.75,9,0.7705,1480.0823945689078,29
900,81,0.75,9,0.7808,1566.9352083112938,46
900,81,0.75,9,0.7861,1256.1229791087242,31
900,81,0.75,9,0.7485,1540.8935777509512,35
900,81,0.75,9,0.7269,1471.396103067893,34
900,81,0.75,9,0.7483,1459.4549775709384,36
900,81,0.75,9,0.7723,1485.5971131946694,38
900,81,0.75,9,0.7647,1452.804219975856,37
900,81,0.75,9,0.6961,1561.2072862499358,31
900,81,0.75,9,0.728,1478.105735166021,28
900,81,0.75,9,0.7373,1438.390006413483,28
900,81,0.75,9,0.6745,1704.6692270270614,33
900,81,0.75,9,0.6648,1586.9646455628165,24
900,81,0.75,9,0.7125,1445.5798692519663,30
900,81,0.75,9,0.7422,1545.4316369738256,32
900,81,0.75,9,0.822,1334.3422791987302,40
900,81,0.75,9,0.7463,1505.5027047856909,33
900,81,0.75,9,0.7713,1429.668181006535,37
900,81,0.75,9,0.7483,1442.4488809165289,32
900,81,0.75,9,0.7415,1454.3016946589144,36
900,81,0.75,9,0.7558,1504.1656556895932,35
900,81,0.75,9,0.6646,1653.9057710597708,24
900,81,0.75,9,0.7365,1365.3128419472075,23
900,81,0.75,9,0.7702,1555.177848998413,42
900,81,0.75,9,0.7129,1577.9707422172264,34
900,81,0.75,9,0.7899,1384.662084352125,35
900,81,0.75,9,0.74,1527.3788591251896,42
900,81,0.75,9,0.7139,1563.650937063832,37
900,81,0.75,9,0.7447,1585.319984622144,38
900,81,0.75,9,0.7337,1584.3016946589144,34
900,81,0.75,9,0.7811,1496.2955980045044,29
900,81,0.75,9,0.7922,1343.655987697715,38
900,81,0.75,9,0.7314,1479.7392488184005,31
900,81,0.75,9,0.7208,1539.638743755012,33
900,81,0.75,9,0.7719,1432.5382386916235,41
900,81,0.75,9,0.7539,1435.0113267570423,35
900,81,0.75,9,0.8001,1350.271211386865,33
900,81,0.75,9,0.7389,1504.7037149124678,35
900,81,0.75,9,0.7622,1392.8691911333117,32
900,81,0.75,9,0.787,1378.3189386016172,37
900,81,0.75,9,0.7594,1445.7392488184005,30
900,100,0.75,9,0.7622222222222222,1284.6498910433054,34
900,100,0.75,9,0.8069135802469136,1194.5544366138004,31
900,100,0.75,9,0.7745679012345679,1197.6843789287116,24
900,100,0.75,9,0.6975308641975309,1302.4722215136414,21
900,100,0.75,9,0.7793827160493827,1177.7737367038064,33
900,100,0.75,9,0.8125925925925926,1136.4894654563443,29
900,100,0.75,9,0.7859259259259259,1126.9686501761737,28
900,100,0.75,9,0.7607407407407407,1167.1818536117698,27
900,100,0.75,9,0.7475308641975309,1252.7798333582164,29
900,100,0.75,9,0.755679012345679,1169.152416360247,31
900,100,0.75,9,0.7050617283950618,1207.9453095790604,29
900,100,0.75,9,0.7332098765432099,1136.6549416771886,24
900,100,0.75,9,0.7961728395061728,1183.453931550412,23
900,100,0.75,9,0.7217283950617284,1284.8925317304247,27
900,100,0.75,9,0.7466666666666667,1319.4661248592315,32
900,100,0.75,9,0.7849382716049382,1159.9686501761732,35
900,100,0.75,9,0.7380246913580247,1208.3889603929565,28
900,100,0.75,9,0.7848148148148149,1136.7615433949868,32
900,100,0.75,9,0.7887654320987655,1254.6732316404182,34
900,100,0.75,9,0.7462962962962963,1233.9453095790604,25
900,100,0.75,9,0.7781481481481481,1091.9686501761737,24
900,100,0.75,9,0.7180246913580247,1333.679328294828,27
900,100,0.75,9,0.7112345679012345,1308.300648638388,29
900,100,0.75,9,0.7618518518518519,1188.3534264870234,28
900,100,0.75,9,0.7253086419753086,1166.033621333629,23
900,100,0.75,9,0.7134567901234568,1289.519948728394,30
900,100,0.75,9,0.7638271604938272,1214.294551983978,33
900,100,0.75,9,0.7612345679012346,1186.146319705837,28
900,100,0.75,9,0.6885185185185185,1350.3483758531404,25
900,100,0.75,9,0.7504938271604938,1176.7676400493967,28
900,100,0.75,9,0.7614814814814815,1248.2173875177027,30
900,100,0.75,9,0.7958024691358024,1211.453931550412,32
900,100,0.75,9,0.7574074074074074,1217.0519112968586,26
900,100,0.75,9,0.774320987654321,1245.1524163602471,34
900,100,0.75,9,0.8019753086419753,1163.6255044256657,34
900,100,0.75,9,0.754320987654321,1201.9392129246503,28
900,100,0.75,9,0.6880246913580247,1303.513852073984,29
900,100,0.75,9,0.7377777777777778,1268.6143571373725,30
900,100,0.75,9,0.7430864197530864,1218.1818536117698,25
900,100,0.75,9,0.7232098765432099,1266.3595231414336,29
900,100,0.75,9,0.7355555555555555,1268.5077554195746,26
900,100,0.75,9,0.7191358024691358,1296.537192671097,25
900,100,0.75,9,0.7322222222222222,1391.7503961066936,33
900,100,0.75,9,0.7806172839506172,1236.850901170082,31
900,100,0.75,9,0.7140740740740741,1181.56053326821,25
900,100,0.75,9,0.752962962962963,1225.7503961066936,27
900,100,0.75,9,0.788641975308642,1259.0163773909258,33
900,100,0.75,9,0.7317283950617284,1194.1524163602471,21
900,100,0.75,9,0.7861728395061729,1273.4600282048218,29
900,100,0.75,9,0.7467901234567901,1118.1280297426074,26
900,100,0.75,9,0.7477777777777778,1188.868145112785,26
900,100,0.75,9,0.7427160493827161,1263.7442994522837,31
900,100,0.75,9,0.7696296296296297,1199.1168824543142,24
900,100,0.75,9,0.7390123456790123,1237.6671349860085,25
900,100,0.75,9,0.7491358024691358,1270.0519112968586,28
900,100,0.75,9,0.715925925925926,1292.6498910433054,23
900,100,0.75,9,0.7241975308641976,1195.0813485483816,27
900,100,0.75,9,0.6932098765432099,1320.2001435749994,21
900,100,0.75,9,0.7140740740740741,1318.0702012600882,32
900,100,0.75,9,0.7153086419753086,1216.7859300126263,31
900,100,0.75,9,0.7691358024691358,1228.016377390926,34
900,100,0.75,9,0.8023456790123457,1127.004184082106,33
900,100,0.75,9,0.7790123456790123,1186.010280736516,31
900,100,0.75,9,0.7382716049382716,1292.7442994522837,35
900,100,0.75,9,0.7129629629629629,1289.2651147324548,23
900,100,0.75,9,0.7679012345679013,1149.1463197058372,33
900,100,0.75,9,0.7567901234567901,1166.2173875177025,27
900,100,0.75,9,0.6745679012345679,1322.3006486383877,24
900,100,0.75,9,0.6602469135802469,1295.4722215136417,16
900,100,0.75,9,0.7117283950617284,1229.4305909532989,23
900,100,0.75,9,0.737037037037037,1294.129075763134,27
900,100,0.75,9,0.782962962962963,1144.6610383315983,34
900,100,0.75,9,0.7579012345679013,1246.3300858899106,30
900,100,0.75,9,0.801358024691358,1165.7676400493967,31
900,100,0.75,9,0.7717283950617284,1187.7676400493965,32
900,100,0.75,9,0.6907407407407408,1277.8153672641492,21
900,100,0.75,9,0.7540740740740741,1196.401153701776,29
900,100,0.75,9,0.7218518518518519,1263.0580079512683,24
900,100,0.75,9,0.7414814814814815,1156.288455329568,23
900,100,0.75,9,0.7453086419753087,1190.738202797874,24
900,100,0.75,9,0.7645679012345679,1282.3422791987302,37
900,100,0.75,9,0.7060493827160493,1319.3717164502532,27
900,100,0.75,9,0.7274074074074074,1223.4955621107547,23
900,100,0.75,9,0.7812345679012346,1196.1879502661798,32
900,100,0.75,9,0.7239506172839506,1299.0935418572014,28
900,100,0.75,9,0.7148148148148148,1281.206240229409,28
900,100,0.75,9,0.7179012345679012,1309.206240229409,29
900,100,0.75,9,0.7751851851851852,1240.0874452027915,29
900,100,0.75,9,0.7966666666666666,1205.8448045156722,34
900,100,0.75,9,0.7555555555555555,1150.4894654563448,27
900,100,0.75,9,0.7276543209876544,1248.809270609739,23
900,100,0.75,9,0.7487654320987654,1224.5189027078677,23
900,100,0.75,9,0.7744444444444445,1155.537192671097,31
900,100,0.75,9,0.7638271604938272,1210.6376977344855,34
900,100,0.75,9,0.7318518518518519,1293.3717164502534,26
900,100,0.75,9,0.8166666666666667,1122.4001076812497,30
900,100,0.75,9,0.7437037037037038,1196.809270609739,30
900,100,0.75,9,0.7870370370370371,1094.5838738653233,28
900,100,0.75,9,0.7682716049382716,1140.8803384216046,31
900,100,0.75,9,0.7733333333333333,1199.317892581091,25
1000,4,0.75,9,0.747408,28927.027109440845,565
1000,4,0.75,9,0.746236,29651.090168026,593
1000,4,0.75,9,0.75074,28897.21087562492,586
1000,4,0.75,9,0.7562,29357.413977792752,616
1000,16,0.75,9,0.742272,7429.066914521729,129
1000,16,0.75,9,0.764432,7468.5877298019,163
1000,16,0.75,9,0.744848,7727.429396255992,143
1000,16,0.75,9,0.738432,7747.541048607674,157
1000,16,0.75,9,0.736576,7778.831416509546,157
1000,16,0.75,9,0.746352,7611.20295349105,145
1000,16,0.75,9,0.762256,7492.794836583087,154
1000,16,0.75,9,0.739408,7945.093393180421,166
1000,16,0.75,9,0.752464,7541.794836583087,146
1000,16,0.75,9,0.742096,7638.96640945834,148
1000,16,0.75,9,0.744,7784.364425098537,166
1000,16,0.75,9,0.76912,7645.76034869768,173
1000,16,0.75,9,0.769232,7422.742058734451,175
1000,16,0.75,9,0.739168,7513.670990922586,145
1000,16,0.75,9,0.760592,7459.1674195851165,164
1000,16,0.75,9,0.751088,7703.36947573242,144
1000,25,0.75,9,0.758275,4679.273662365417,88
1000,25,0.75,9,0.761975,5056.594513539338,98
1000,25,0.75,9,0.7306,5188.334628909516,92
1000,25,0.75,9,0.762375,4863.109232165099,100
1000,25,0.75,9,0.75335,5010.712262545429,104
1000,25,0.75,9,0.729125,5087.872688132389,94
1000,25,0.75,9,0.762425,4889.990437138482,111
1000,25,0.75,9,0.75525,4924.008727101711,106
1000,25,0.75,9,0.75325,4921.032067698823,100
1000,25,0.75,9,0.724325,5257.844296901393,100
1000,25,0.75,9,0.743225,4804.664535330677,87
1000,25,0.75,9,0.71785,5133.340725563925,91
1000,25,0.75,9,0.7161,5219.997579813417,101
1000,25,0.75,9,0.7776,4709.392457392035,106
1000,25,0.75,9,0.75675,5143.796569686641,118
1000,25,0.75,9,0.780975,4744.901079363386,112
1000,25,0.75,9,0.72245,5193.163056034262,92
1000,25,0.75,9,0.757425,4916.2686117315325,107
1000,25,0.75,9,0.752475,4986.458474570017,105
1000,25,0.75,9,0.766975,5129.518395093589,116
1000,25,0.75,9,0.75805,4901.902125383912,113
1000,25,0.75,9,0.76535,4781.339679543398,108
1000,25,0.75,9,0.72735,5060.671678005613,95
1000,25,0.75,9,0.760125,4863.327486234579,105
1000,25,0.75,9,0.76,4958.422940664084,99
1000,64,0.75,9,0.73504,1992.1555544218263,37
1000,64,0.75,9,0.800192,1848.444876303172,42
1000,64,0.75,9,0.747904,2124.0672426672577,44
1000,64,0.75,9,0.766272,2101.889573137594,45
1000,64,0.75,9,0.7648,2132.552524041497,46
1000,64,0.75,9,0.762304,1947.249962830805,34
1000,64,0.75,9,0.732736,2226.955590315576,49
1000,64,0.75,9,0.767616,2019.4215357060584,42
1000,64,0.75,9,0.738368,1989.640835796065,39
1000,64,0.75,9,0.695488,2157.74238687998,28
1000,64,0.75,9,0.781056,1969.8418459228417,47
1000,64,0.75,9,0.762496,2007.4631662664008,37
1000,64,0.75,9,0.703936,2176.35761056913,37
1000,64,0.75,9,0.748352,2130.186037693876,41
1000,64,0.75,9,0.73472,2015.534234078267,42
1000,64,0.75,9,0.718656,2124.374854511833,40
1000,64,0.75,9,0.728384,2035.226622233692,39
1000,64,0.75,9,0.731968,2270.654075125412,54
1000,64,0.75,9,0.783936,1967.829652614022,43
1000,64,0.75,9,0.743616,2064.8773798287743,35
1000,64,0.75,9,0.757568,2097.6885630108177,40
1000,64,0.75,9,0.782336,1985.1494577674168,43
1000,64,0.75,9,0.747776,2012.6763697019976,45
1000,64,0.75,9,0.719424,2205.612444565069,39
1000,64,0.75,9,0.754176,1899.386001800126,40
1000,64,0.75,9,0.731776,2148.4164850721754,38
1000,64,0.75,9,0.739072,2044.735244205044,39
1000,64,0.75,9,0.718784,2155.4997461928606,43
1000,64,0.75,9,0.739584,2081.4337290148787,40
1000,64,0.75,9,0.769536,1988.818505325729,43
1000,64,0.75,9,0.74656,2018.789068074206,42
1000,64,0.75,9,0.743872,2211.861181906598,60
1000,64,0.75,9,0.724928,1976.1849916733493,32
1000,64,0.75,9,0.735104,2069.931203697937,35
1000,64,0.75,9,0.757888,2009.540330732677,42
1000,64,0.75,9,0.710528,2119.5464273870866,43
1000,64,0.75,9,0.72288,2198.866232540481,42
1000,64,0.75,9,0.778112,2003.4337290148787,47
1000,64,0.75,9,0.801216,1999.640835796065,51
1000,64,0.75,9,0.749056,2072.226622233692,41
1000,64,0.75,9,0.804736,1881.344371239784,55
1000,64,0.75,9,0.745088,2198.3870478206527,38
1000,64,0.75,9,0.707072,2199.3159800087874,37
1000,64,0.75,9,0.792896,1907.723050896224,40
1000,64,0.75,9,0.697792,2094.872329194892,44
1000,64,0.75,9,0.777216,2110.1088732276003,49
1000,64,0.75,9,0.771584,1971.5342340782663,47
1000,64,0.75,9,0.754624,2253.9616869699867,50
1000,64,0.75,9,0.765184,2062.96064094946,45
1000,64,0.75,9,0.755072,2026.8895731375944,42
1000,64,0.75,9,0.754176,1843.0956338982544,31
1000,64,0.75,9,0.70016,2230.5647173503166,38
1000,64,0.75,9,0.764096,1994.7413408594537,43
1000,64,0.75,9,0.774528,1991.5342340782668,44
1000,64,0.75,9,0.768832,2010.126117170304,40
1000,64,0.75,9,0.75392,2121.4337290148787,39
1000,64,0.75,9,0.783552,1940.5992052357224,51
1000,64,0.75,9,0.77312,2059.931203697937,50
1000,64,0.75,9,0.749312,2146.008368164212,53
1000,64,0.75,9,0.753024,1973.2621561396247,40
1000,64,0.75,9,0.725504,2113.3515139147203,43
1000,64,0.75,9,0.77824,1977.2854967367373,48
1000,64,0.75,9,0.729408,2152.2804461028545,36
1000,64,0.75,9,0.752192,2120.795164728616,41
1000,100,0.75,9,0.7756,1338.265114732455,31
1000,100,0.75,9,0.7804,1167.4062043356596,18
1000,100,0.75,9,0.7405,1532.5443353460334,35
1000,100,0.75,9,0.7975,1269.9097756731276,30
1000,100,0.75,9,0.7143,1456.9108216936545,30
1000,100,0.75,9,0.7441,1500.804219975856,27
1000,100,0.75,9,0.7984,1217.9453095790604,28
1000,100,0.75,9,0.7492,1393.7270555095806,28
1000,100,0.75,9,0.7595,1379.3422791987305,31
1000,100,0.75,9,0.7764,1342.744299452284,27
1000,100,0.75,9,0.7239,1275.5077554195743,26
1000,100,0.75,9,0.7532,1391.668181006535,23
1000,100,0.75,9,0.7598,1379.4427842621187,20
1000,100,0.75,9,0.7501,1413.2001435749996,25
1000,100,0.75,9,0.7638,1259.1168824543142,23
1000,100,0.75,9,0.7002,1471.9757928511096,26
1000,100,0.75,9,0.761,1328.0052301026326,28
1000,100,0.75,9,0.7409,1403.8336572273788,31
1000,100,0.75,9,0.7355,1405.7625894155133,30
1000,100,0.75,9,0.742,1369.3006486383877,28
1000,100,0.75,9,0.7354,1296.714862200761,25
1000,100,0.75,9,0.7403,1484.1534623807736,31
1000,100,0.75,9,0.7081,1423.697618258058,28
1000,100,0.75,9,0.8223,1164.311795926681,32
1000,100,0.75,9,0.7304,1350.235677480932,26
1000,100,0.75,9,0.7657,1394.833657227379,33
1000,100,0.75,9,0.753,1446.3422791987305,28
1000,100,0.75,9,0.7254,1382.999133448223,27
1000,100,0.75,9,0.7455,1363.2773080412749,32
1000,100,0.75,9,0.6753,1472.6976182580577,20
1000,100,0.75,9,0.7121,1466.5554826343268,24
1000,100,0.75,9,0.7287,1377.8153672641492,23
1000,100,0.75,9,0.7667,1411.0468606629752,38
1000,100,0.75,9,0.7526,1404.9219689819474,25
1000,100,0.75,9,0.7989,1321.1646096690667,33
1000,100,0.75,9,0.726,1355.0702012600882,25
1000,100,0.75,9,0.7626,1293.1229791087242,25
1000,100,0.75,9,0.772,1391.5554826343268,29
1000,100,0.75,9,0.7395,1380.4783181680514,30
1000,100,0.75,9,0.737,1536.2367235014588,31
1000,100,0.75,9,0.7364,1244.9158723275375,25
1000,100,0.75,9,0.758,1370.1290757631336,30
1000,100,0.75,9,0.7171,1465.5260453828037,26
1000,100,0.75,9,0.7173,1343.2417741353422,26
1000,100,0.75,9,0.7018,1484.916918348064,27
1000,100,0.75,9,0.7376,1410.407250356186,26
1000,100,0.75,9,0.7818,1362.5971131946694,36
1000,100,0.75,9,0.742,1260.1168824543142,20
1000,100,0.75,9,0.7258,1437.662084352125,30
1000,100,0.75,9,0.7595,1410.4671708797582,41
1000,100,0.75,9,0.6942,1399.1646096690667,17
1000,100,0.75,9,0.7843,1322.6498910433052,26
1000,100,0.75,9,0.7263,1406.3544725075503,27
1000,100,0.75,9,0.7107,1401.1057351660208,25
1000,100,0.75,9,0.715,1426.6204537917824,30
1000,100,0.75,9,0.71,1489.4905114768712,27
1000,100,0.75,9,0.7788,1304.655987697715,36
1000,100,0.75,9,0.8078,1204.3889603929565,26
1000,100,0.75,9,0.7868,1346.9575028878803,31
1000,100,0.75,9,0.7549,1418.4549775709386,32
1000,100,0.75,9,0.8097,1292.4305909532989,37
1000,100,0.75,9,0.7511,1334.993036793813,28
1000,100,0.75,9,0.6751,1499.082394568908,20
1000,100,0.75,9,0.7388,1394.3422791987305,26
1000,100,0.75,9,0.7833,1255.288455329568,26
1000,100,0.75,9,0.7213,1404.7981233214462,31
1000,100,0.75,9,0.7379,1291.679328294828,27
1000,100,0.75,9,0.7547,1418.3128419472075,31
1000,100,0.75,9,0.7931,1350.3067452927976,36
1000,100,0.75,9,0.7604,1438.8691911333117,28
1000,100,0.75,9,0.8137,1283.6732316404182,33
1000,100,0.75,9,0.7494,1362.655987697715,26
1000,100,0.75,9,0.7515,1421.2600640985715,33
1000,100,0.75,9,0.7244,1380.6021638285529,26
1000,100,0.75,9,0.7953,1285.401153701776,32
1000,100,0.75,9,0.7298,1413.9047250392443,30
1000,100,0.75,9,0.7401,1389.0174234114525,28
1000,100,0.75,9,0.7772,1299.1585130146568,33
1000,100,0.75,9,0.7698,1456.97579285111,32
1000,100,0.75,9,0.7446,1465.97579285111,29
1000,100,0.75,9,0.7288,1465.6976182580577,29
1000,100,0.75,9,0.7573,1382.9575028878803,24
1000,100,0.75,9,0.7453,1307.4427842621187,24
1000,100,0.75,9,0.8092,1141.5189027078677,28
1000,100,0.75,9,0.7001,1501.8397538817887,26
1000,100,0.75,9,0.7338,1372.0641046056785,26
1000,100,0.75,9,0.7609,1440.390006413483,35
1000,100,0.75,9,0.7704,1213.004184082106,25
1000,100,0.75,9,0.7998,1313.9280656363574,30
1000,100,0.75,9,0.7339,1393.685424949238,24
1000,100,0.75,9,0.7966,1239.679328294828,38
1000,100,0.75,9,0.7495,1355.8986283848344,32
1000,100,0.75,9,0.7878,1399.105735166021,33
1000,100,0.75,9,0.7191,1476.6742776609449,32
1000,100,0.75,9,0.752,1296.3422791987305,26
1000,100,0.75,9,0.7235,1353.96359954229,29
1000,100,0.75,9,0.7776,1391.6143571373725,33
1000,100,0.75,9,0.7316,1283.271211386865,25
1000,100,0.75,9,0.7802,1302.5432893255072,31
1000,100,0.75,9,0.7261,1428.082394568908,29
