Resolution,Subsamples,Blobiness,M0,M1,M2
500,4,2,0.571152,6043.988524566177,28
500,4,2,0.545744,5926.076836320746,30
500,4,2,0.505648,5876.307283699046,17
500,4,2,0.538384,5866.0179618177,24
500,16,2,0.593472,1711.2255762131654,17
500,16,2,0.617344,1535.6387437550122,16
500,16,2,0.49088,1555.1240251292504,5
500,16,2,0.607424,1634.8225099390856,16
500,16,2,0.491712,1707.9940828143397,2
500,16,2,0.58208,1597.3605691619605,7
500,16,2,0.502784,1583.9291116568838,9
500,16,2,0.581888,1600.052957317385,11
500,16,2,0.486208,1622.7220048756974,4
500,16,2,0.54336,1554.6742776609449,13
500,16,2,0.571392,1645.479364188578,14
500,16,2,0.538304,1716.3138879677342,8
500,16,2,0.5328,1546.5027047856909,9
500,16,2,0.460224,1502.1889962867062,8
500,16,2,0.535296,1552.1423150924804,11
500,16,2,0.508544,1418.519948728394,7
500,25,2,0.5946,1213.300648638388,14
500,25,2,0.5732,1048.7493500861672,10
500,25,2,0.4805,1094.216341497176,1
500,25,2,0.6489,1008.0863991822648,19
500,25,2,0.5127,1077.2346314604058,9
500,25,2,0.5265,1086.8082245892128,6
500,25,2,0.6762,1022.4234482783623,11
500,25,2,0.5293,1147.2762620207484,9
500,25,2,0.5459,1022.6427483683688,11
500,25,2,0.6064,1047.908729652601,6
500,25,2,0.4377,1093.5422433049807,0
500,25,2,0.5843,1081.5067093990478,9
500,25,2,0.5353,1107.613311116846,7
500,25,2,0.5052,1074.5777772109132,5
500,25,2,0.5521,1097.5422433049807,5
500,25,2,0.5467,1015.6072144624362,7
500,25,2,0.5016,1098.8143212436228,7
500,25,2,0.5311,1021.8731957466684,10
500,25,2,0.5331,1176.311795926681,7
500,25,2,0.5446,1096.0863991822648,9
500,25,2,0.57,1024.500612744638,10
500,25,2,0.4894,1074.6488450227787,5
500,25,2,0.4346,985.630555059549,3
500,25,2,0.57,1013.4123009900692,8
500,25,2,0.4759,938.488419435818,7
500,100,2,0.5564,323.7645019878172,5
500,100,2,0.5368,367.6995308303616,4
500,100,2,0.6448,331.75840533340727,4
500,100,2,0.6668,358.2436867076458,6
500,100,2,0.5144,290.6101730552664,3
500,100,2,0.5236,331.79393923934003,4
500,100,2,0.5896,330.072113832392,5
500,100,2,0.692,238.05992052357223,7
500,100,2,0.4904,291.51576464628795,4
500,100,2,0.706,371.4802307403552,4
500,100,2,0.6884,327.628463018496,8
500,100,2,0.5968,330.44469683442253,5
500,100,2,0.334,239.0893577750951,0
500,100,2,0.6472,302.34419177103416,5
500,100,2,0.4868,303.16652224137044,0
500,100,2,0.3972,274.12489168102786,0
500,100,2,0.6164,285.095454429505,4
500,100,2,0.6976,312.75230867899734,8
500,100,2,0.2496,253.6162697096763,1
500,100,2,0.6048,302.8944443027283,6
500,100,2,0.7192,330.3025612106916,5
500,100,2,0.608,299.8528137423857,3
500,100,2,0.7068,304.81727983645294,3
500,100,2,0.7352,326.8944443027283,7
500,100,2,0.632,343.44469683442253,4
500,100,2,0.3964,279.4091629284897,1
500,100,2,0.2768,223.9177848998413,0
500,100,2,0.6324,346.86500705120545,5
500,100,2,0.5832,265.5096679918781,3
500,100,2,0.5576,306.6162697096763,3
500,100,2,0.3932,308.33809511662423,1
500,100,2,0.3856,338.51576464628795,3
500,100,2,0.6356,311.02438661763955,3
500,100,2,0.6272,332.7878425849301,3
500,100,2,0.5796,348.9005409571382,4
500,100,2,0.5092,350.55129855222066,5
500,100,2,0.676,312.5512985522207,7
500,100,2,0.5984,318.58073580374355,4
500,100,2,0.58,355.1015510839149,1
500,100,2,0.7048,249.78174593052023,5
500,100,2,0.5328,291.9594154601839,3
500,100,2,0.4536,283.1309883354377,0
500,100,2,0.6408,346.2081528017131,4
500,100,2,0.5148,290.23149339882605,1
500,100,2,0.442,301.57463914933373,0
500,100,2,0.5112,315.34419177103416,2
500,100,2,0.5928,302.2375900532359,5
500,100,2,0.3968,279.99494936611666,3
500,100,2,0.6064,343.0660171779821,4
500,100,2,0.4544,275.82337649086287,2
500,100,2,0.416,319.515764646288,1
500,100,2,0.3484,330.51576464628795,2
500,100,2,0.5728,342.54520189781084,3
500,100,2,0.6088,340.6873375215418,5
500,100,2,0.6656,330.51576464628795,6
500,100,2,0.5224,340.5512985522207,4
500,100,2,0.3612,283.34419177103416,0
500,100,2,0.67,346.8589103967956,4
500,100,2,0.6352,289.23149339882605,3
500,100,2,0.5124,380.31475451951127,1
500,100,2,0.5096,294.64570696119915,2
500,100,2,0.6076,350.6579002700189,5
500,100,2,0.5788,351.4446968344225,3
500,100,2,0.4276,297.81727983645294,2
500,100,2,0.5508,288.89444430272835,4
500,100,2,0.6472,359.5512985522207,7
500,100,2,0.4376,302.3025612106915,1
500,100,2,0.5304,319.51576464628795,4
500,100,2,0.5524,349.27922061357856,5
500,100,2,0.6968,327.82337649086287,7
500,100,2,0.4344,199.91778489984128,2
500,100,2,0.6352,334.9005409571382,4
500,100,2,0.5908,368.6934341759516,6
500,100,2,0.4092,294.71677477306457,2
500,100,2,0.3052,240.5035713374682,0
500,100,2,0.6212,277.3319984622144,3
500,100,2,0.6744,329.2081528017131,5
500,100,2,0.49,364.90054095713816,4
500,100,2,0.2428,249.36143571373725,0
500,100,2,0.6864,346.68733752154174,4
500,100,2,0.412,263.9177848998413,2
500,100,2,0.7216,297.0304832720494,7
500,100,2,0.3484,279.3025612106915,2
500,100,2,0.6328,332.072113832392,3
500,100,2,0.3224,229.68124086713183,2
500,100,2,0.4216,253.27312395916863,3
500,100,2,0.66,349.45079348883235,5
500,100,2,0.4644,325.5868324581534,4
500,100,2,0.3116,226.5391052434009,3
500,100,2,0.4728,254.58073580374355,3
500,100,2,0.6324,362.0660171779821,4
500,100,2,0.514,264.10155108391484,4
500,100,2,0.4468,282.10155108391484,1
500,100,2,0.5296,348.1370849898476,4
500,100,2,0.4204,274.095454429505,3
500,100,2,0.574,276.8528137423857,3
500,100,2,0.5244,292.51576464628795,2
500,100,2,0.6312,282.64570696119915,3
500,100,2,0.7456,284.23149339882605,7
500,100,2,0.3736,294.373629022557,2
600,4,2,0.6167888888888889,7096.0231919203325,60
600,4,2,0.5216888888888889,7000.636323568429,18
600,4,2,0.5634333333333333,7355.934880165764,28
600,4,2,0.5091777777777777,7219.052629171856,22
600,9,2,0.618625,3432.421715174808,34
600,9,2,0.550375,3142.5678554118954,17
600,9,2,0.589025,3227.645019878172,22
600,9,2,0.5978,3331.160784524459,19
600,9,2,0.52735,3113.5567081236027,15
600,9,2,0.454725,3403.823735428361,2
600,9,2,0.58065,3459.4034252115785,15
600,9,2,0.55195,3355.8115421195416,18
600,9,2,0.50445,3387.196318430392,15
600,16,2,0.5583555555555556,1971.143361113007,15
600,16,2,0.628,1888.344371239784,24
600,16,2,0.5308444444444445,1862.278354061801,1
600,16,2,0.6333333333333333,1857.5687219636727,17
600,16,2,0.6357777777777778,2008.990078200983,20
600,16,2,0.6450222222222223,1799.982935526046,21
600,16,2,0.4509333333333333,1906.681420335881,5
600,16,2,0.4716444444444444,1979.1372644585967,5
600,16,2,0.6534222222222222,1781.740294838927,17
600,16,2,0.4760888888888889,1841.2499628308049,7
600,16,2,0.5308,1940.17889501894,8
600,16,2,0.5230222222222223,2064.6824663564075,12
600,16,2,0.5413333333333333,2182.5464273870866,9
600,16,2,0.5828888888888889,2102.386001800126,12
600,16,2,0.4972888888888889,1799.8641404994282,7
600,16,2,0.4856,1929.55757467538,12
600,25,2,0.5279166666666667,1421.5138520739845,11
600,25,2,0.6329166666666667,1312.2295808265224,14
600,25,2,0.5411111111111111,1219.2823586751583,7
600,25,2,0.5699305555555556,1259.7909806465098,4
600,25,2,0.6879861111111111,1278.726009489054,16
600,25,2,0.6325694444444444,1358.2590180780453,12
600,25,2,0.6932638888888889,1311.7026688919411,16
600,25,2,0.4878472222222222,1146.447834896002,5
600,25,2,0.4770833333333333,1153.9625535217635,3
600,25,2,0.4981944444444444,1245.6965722375314,4
600,25,2,0.595625,1383.5849198858496,9
600,25,2,0.5058333333333334,1277.8803384216046,5
600,25,2,0.5479166666666667,1252.2234841721124,8
600,25,2,0.5304166666666666,1208.0519112968586,9
600,25,2,0.4977083333333333,1323.7503961066936,11
600,25,2,0.6728472222222223,1328.430590953299,10
600,25,2,0.509375,1131.8914857098982,4
600,25,2,0.5098611111111111,1278.265114732455,8
600,25,2,0.5336111111111111,1216.3889603929565,4
600,25,2,0.4872916666666667,1242.9514062334704,7
600,25,2,0.50875,1465.1412690719535,5
600,25,2,0.6586805555555556,1322.359523141433,14
600,25,2,0.5800694444444444,1294.259018078045,9
600,25,2,0.3876388888888888,1107.2701653663385,-1
600,25,2,0.5448611111111111,1339.6915216036475,11
600,36,2,0.498,1026.3584771209069,6
600,36,2,0.7209,891.4234482783627,14
600,36,2,0.5865,906.3462838120872,12
600,36,2,0.4976,883.8782463805518,-1
600,36,2,0.5238,977.6894295625948,6
600,36,2,0.7316,880.6061684419097,12
600,36,2,0.6558,1024.251875403109,12
600,36,2,0.5998,873.3462838120872,12
600,36,2,0.5993,885.6183617507294,10
600,36,2,0.5181,860.4762261269984,7
600,36,2,0.5737,879.7188668141176,7
600,36,2,0.527,987.7249634685276,7
600,36,2,0.5332,956.77269068328,5
600,36,2,0.6688,947.659992311072,9
600,36,2,0.6888,803.9137802864844,10
600,36,2,0.4596,871.1391770309007,5
600,36,2,0.4403,864.0803025278549,2
600,36,2,0.4235,913.5056633785211,1
600,36,2,0.7369,917.210244842766,13
600,36,2,0.4523,827.1686142824236,3
600,36,2,0.4,886.1747109368334,3
600,36,2,0.561,957.216341497176,9
600,36,2,0.4783,972.8021279348028,4
600,36,2,0.4768,1018.1574669941302,5
600,36,2,0.5906,960.6894295625948,6
600,36,2,0.69,948.3462838120872,9
600,36,2,0.4919,999.2285348059958,6
600,36,2,0.5707,808.9909447527598,7
600,36,2,0.5483,888.8843430349616,6
600,36,2,0.5008,932.5239533417508,7
600,36,2,0.461,1051.8437584951455,2
600,36,2,0.581,955.4467888754756,8
600,36,2,0.6672,1020.2874093090415,9
600,36,2,0.478,887.4701294725887,4
600,36,2,0.4445,978.1158364337876,4
600,36,2,0.5242,929.4589821842952,9
600,64,2,0.4353777777777777,586.9898987322333,5
600,64,2,0.6129777777777777,562.4751801064718,6
600,64,2,0.664,562.9310242291876,9
600,64,2,0.5635555555555556,559.9188309203678,7
600,64,2,0.4314666666666666,539.8711037056153,-1
600,64,2,0.4848,531.4335495461293,2
600,64,2,0.6067555555555556,586.5401512639273,6
600,64,2,0.808,466.5929291125633,8
600,64,2,0.5925333333333334,556.6467529817257,7
600,64,2,0.5925333333333334,490.5756851698602,7
600,64,2,0.5975111111111111,572.2975105768082,8
600,64,2,0.6869333333333333,514.8122292025697,7
600,64,2,0.5470222222222222,498.43354954612926,3
600,64,2,0.6600888888888888,573.7411613907042,4
600,64,2,0.6412444444444444,596.5756851698602,7
600,64,2,0.4773333333333333,573.6467529817257,5
600,64,2,0.7104,566.8477631085024,7
600,64,2,0.6279111111111111,598.173664916307,6
600,64,2,0.7086222222222223,579.5401512639274,9
600,64,2,0.6842666666666667,515.3624817342638,9
600,64,2,0.3617777777777777,513.605122421383,3
600,64,2,0.4782222222222222,535.2619766708755,2
600,64,2,0.5290666666666667,586.303607231218,4
600,64,2,0.4423111111111111,579.4751801064718,2
600,64,2,0.5127111111111111,619.6589462905455,5
600,64,2,0.6920888888888889,556.8538597629122,9
600,64,2,0.5420444444444444,567.2325394193525,4
600,64,2,0.6451555555555556,524.6700935788386,5
600,64,2,0.4848,521.8477631085024,4
600,64,2,0.4789333333333333,568.7533546995239,3
600,64,2,0.3937777777777778,497.5401512639275,2
600,64,2,0.5214222222222222,563.4335495461294,5
600,64,2,0.6931555555555555,594.4041122946064,7
600,64,2,0.5457777777777778,548.0254326381661,5
600,64,2,0.3329777777777777,442.0965004500315,1
600,64,2,0.4124444444444444,588.4396462005392,2
600,64,2,0.5879111111111112,592.7888886054567,6
600,64,2,0.4682666666666666,564.747258045114,2
600,64,2,0.4750222222222222,531.8538597629123,3
600,64,2,0.5308444444444445,617.9371208835975,8
600,64,2,0.6215111111111111,559.8122292025696,3
600,64,2,0.7532444444444445,494.6639969244288,7
600,64,2,0.5857777777777777,440.7411613907042,5
600,64,2,0.5731555555555555,540.6589462905455,7
600,64,2,0.4371555555555556,471.1259377015545,3
600,64,2,0.6298666666666667,572.9898987322333,5
600,64,2,0.6490666666666667,552.1970055134199,7
600,64,2,0.4371555555555556,557.3097038856279,4
600,64,2,0.5080888888888889,604.7888886054567,3
600,64,2,0.7267555555555556,568.8893936688451,10
600,64,2,0.5893333333333334,578.9543648263007,5
600,64,2,0.4552888888888889,642.1381310103742,3
600,64,2,0.6042666666666666,497.0487732352791,6
600,64,2,0.4759111111111111,456.4507934888324,3
600,64,2,0.4759111111111111,562.8122292025695,4
600,64,2,0.4405333333333333,546.5462479183374,5
600,64,2,0.4727111111111111,647.3807716974934,3
600,64,2,0.4577777777777778,602.7239174480011,2
600,64,2,0.6458666666666667,584.9898987322333,8
600,64,2,0.6410666666666667,596.5401512639276,5
600,64,2,0.5264,552.9543648263007,6
600,64,2,0.3825777777777778,479.5462479183374,1
600,64,2,0.4529777777777777,498.64675298172574,4
600,64,2,0.5729777777777778,557.5107140124046,7
600,100,2,0.4733333333333333,391.3502884254441,3
600,100,2,0.4752777777777778,340.34419177103416,2
600,100,2,0.7219444444444445,378.5868324581535,6
600,100,2,0.5655555555555556,414.1787155501902,4
600,100,2,0.6355555555555555,354.86500705120545,7
600,100,2,0.4625,380.2375900532359,1
600,100,2,0.5855555555555556,341.40916292848976,3
600,100,2,0.4519444444444444,367.6223663640862,3
600,100,2,0.7561111111111111,405.959415460184,4
600,100,2,0.7613888888888889,398.8944443027283,4
600,100,2,0.5172222222222222,452.0132393293463,4
600,100,2,0.6458333333333334,429.2853172679885,6
600,100,2,0.7238888888888889,431.356385079854,5
600,100,2,0.5202777777777777,381.24368670764585,4
600,100,2,0.6336111111111111,328.3147545195113,4
600,100,2,0.4327777777777777,295.34419177103416,2
600,100,2,0.6019444444444444,387.7228714274745,3
600,100,2,0.6402777777777777,349.1370849898476,3
600,100,2,0.5802777777777778,511.8061325481598,5
600,100,2,0.6541666666666667,365.6162697096763,5
600,100,2,0.7452777777777778,404.2081528017131,6
600,100,2,0.5347222222222222,381.5218613006979,5
600,100,2,0.6341666666666667,390.3086578651014,3
600,100,2,0.6702777777777778,422.2142494561229,7
600,100,2,0.5461111111111111,369.92997820866105,3
600,100,2,0.4386111111111111,413.9360748630709,4
600,100,2,0.6813888888888889,356.40916292848976,5
600,100,2,0.5705555555555556,418.1726188957804,4
600,100,2,0.7363888888888889,386.0010460205265,6
600,100,2,0.3658333333333333,405.628463018496,1
600,100,2,0.65,439.7289680818844,3
600,100,2,0.6002777777777778,412.8650070512055,3
600,100,2,0.6644444444444444,457.3858223313768,3
600,100,2,0.8041666666666667,404.3086578651014,6
600,100,2,0.6252777777777778,292.23149339882605,3
600,100,2,0.3413888888888889,314.3086578651014,2
600,100,2,0.2594444444444444,307.13098833543773,-1
600,100,2,0.3969444444444444,364.072113832392,0
600,100,2,0.4019444444444444,341.5512985522207,1
600,100,2,0.4886111111111111,332.3025612106915,2
600,100,2,0.4208333333333333,376.5279579551077,3
600,100,2,0.6844444444444444,426.00714267493646,4
600,100,2,0.6202777777777778,367.6873375215418,4
600,100,2,0.6258333333333334,380.2436867076458,6
600,100,2,0.6811111111111111,301.0304832720494,5
600,100,2,0.5136111111111111,341.3797256769669,4
600,100,2,0.5111111111111111,383.912734265958,2
600,100,2,0.5219444444444444,306.9655121145938,4
600,100,2,0.3755555555555555,332.86500705120545,4
600,100,2,0.5119444444444444,360.7228714274745,4
600,100,2,0.6491666666666667,365.4863273947651,5
600,100,2,0.6280555555555556,436.80003589374985,4
600,100,2,0.46,366.7289680818844,4
600,100,2,0.3172222222222222,298.97160876900364,1
600,100,2,0.3952777777777778,403.31475451951127,1
600,100,2,0.6016666666666667,439.3208511739212,5
600,100,2,0.5930555555555556,337.0304832720494,4
600,100,2,0.4955555555555556,367.2792206135785,5
600,100,2,0.4955555555555556,353.4213562373095,3
600,100,2,0.6077777777777778,412.3919189857867,8
600,100,2,0.845,361.4802307403552,6
600,100,2,0.755,446.2081528017131,3
600,100,2,0.5838888888888889,313.29646455628165,3
600,100,2,0.3061111111111111,291.2020561473032,1
600,100,2,0.6738888888888889,404.9360748630709,5
600,100,2,0.35,307.2436867076458,1
600,100,2,0.5608333333333333,359.7645019878171,3
600,100,2,0.505,392.3858223313768,2
600,100,2,0.4908333333333333,389.6223663640862,3
600,100,2,0.4355555555555555,387.87720036002526,2
600,100,2,0.3986111111111111,360.9716087690037,1
600,100,2,0.6927777777777778,381.9066376115481,6
600,100,2,0.6763888888888889,379.1431816442574,5
600,100,2,0.4711111111111111,388.93607486307087,2
600,100,2,0.4275,369.2497833620557,3
600,100,2,0.5880555555555556,375.072113832392,5
600,100,2,0.5538888888888889,363.40916292848976,2
600,100,2,0.5147222222222222,358.4802307403552,3
600,100,2,0.6958333333333333,374.7645019878171,7
600,100,2,0.3269444444444444,270.1665222413705,2
600,100,2,0.5466666666666666,420.8355697996826,3
600,100,2,0.5613888888888889,432.4274528917194,4
600,100,2,0.7491666666666666,327.16652224137044,6
600,100,2,0.655,419.32085117392114,4
600,100,2,0.5019444444444444,422.07821048680194,1
600,100,2,0.6044444444444445,408.4507934888324,3
600,100,2,0.5461111111111111,342.3025612106916,4
600,100,2,0.3291666666666666,291.7878425849301,1
600,100,2,0.5036111111111111,370.7289680818844,5
600,100,2,0.5469444444444445,375.3563850798539,7
600,100,2,0.4636111111111111,422.492424049175,3
600,100,2,0.4633333333333333,330.72896808188443,1
600,100,2,0.5297222222222222,417.2081528017131,3
600,100,2,0.7008333333333333,450.8294731452728,6
600,100,2,0.6341666666666667,418.5868324581534,3
600,100,2,0.5797222222222222,388.24368670764585,6
600,100,2,0.4036111111111111,281.45079348883235,3
600,100,2,0.2716666666666666,272.2081528017131,1
600,100,2,0.4936111111111111,423.8711037056154,3
600,100,2,0.6352777777777778,377.8650070512055,6
700,4,2,0.5748,8469.092347159894,34
700,4,2,0.554669387755102,8337.630406382768,31
700,4,2,0.5328408163265306,9148.877231151992,29
700,4,2,0.5416816326530612,8337.908580975822,41
700,16,2,0.5853061224489796,2321.4875528840407,12
700,16,2,0.6065632653061225,2196.617495198952,16
700,16,2,0.5348571428571428,2274.049998724556,10
700,16,2,0.6125714285714285,2119.723050896224,16
700,16,2,0.5608163265306122,2357.487552884041,8
700,16,2,0.5465142857142857,2317.895669792004,12
700,16,2,0.5821061224489796,2313.251008851332,16
700,16,2,0.4891428571428571,2294.5586206959065,5
700,16,2,0.5419102040816327,2439.618541219478,15
700,16,2,0.5234285714285715,2413.642927837118,8
700,16,2,0.5853061224489796,2371.12106653642,19
700,16,2,0.5395265306122449,2307.292639411674,14
700,16,2,0.6046040816326531,2355.8906191581204,17
700,16,2,0.4614204081632653,2367.233764908628,4
700,16,2,0.5187591836734694,2235.611398544542,16
700,16,2,0.5231346938775511,2183.906817080297,8
700,25,2,0.5935714285714285,1491.9696961966995,8
700,25,2,0.5745408163265306,1579.5971131946694,9
700,25,2,0.5641836734693878,1526.8569978244916,6
700,25,2,0.5311734693877551,1501.0174234114525,8
700,25,2,0.6867857142857143,1433.3950570473664,13
700,25,2,0.599030612244898,1483.206240229409,10
700,25,2,0.5867346938775511,1539.1118318204308,10
700,25,2,0.5871428571428572,1410.96359954229,12
700,25,2,0.5488775510204081,1546.2895013500945,5
700,25,2,0.4730102040816326,1425.7270555095806,2
700,25,2,0.5257142857142857,1622.4438302826452,7
700,25,2,0.6008673469387755,1614.8519471906086,14
700,25,2,0.4932142857142857,1429.999133448223,7
700,25,2,0.6396428571428572,1570.7392488184005,16
700,25,2,0.4548979591836735,1427.3422791987305,7
700,25,2,0.548469387755102,1745.035713374682,8
700,25,2,0.4819387755102041,1509.9818895055198,4
700,25,2,0.5532142857142858,1680.9646455628165,8
700,25,2,0.5508673469387755,1545.7037149124676,12
700,25,2,0.5636224489795918,1528.668181006535,10
700,25,2,0.6164285714285714,1594.2722574073914,14
700,25,2,0.4552551020408163,1634.1595590351835,4
700,25,2,0.513061224489796,1557.9047250392446,9
700,25,2,0.4806632653061224,1422.2945519839775,10
700,25,2,0.5520408163265306,1442.401153701776,8
700,49,2,0.5822,792.3990616607231,4
700,49,2,0.5953,882.6711395993652,5
700,49,2,0.6824,776.6000717874998,7
700,49,2,0.4583,758.1858582251267,1
700,49,2,0.5697,875.6538956566623,6
700,49,2,0.5718,863.7838379715732,8
700,49,2,0.6925,853.2213921310594,7
700,49,2,0.6111,849.2274887854693,7
700,49,2,0.5762,909.7544007200504,7
700,49,2,0.5761,749.3218971944477,11
700,49,2,0.5868,909.8254685319158,9
700,49,2,0.605,881.9493141924172,7
700,49,2,0.4961,772.3868683519032,4
700,49,2,0.6148,727.866053071732,6
700,49,2,0.5902,796.4995667241114,3
700,49,2,0.5161,811.4701294725885,6
700,49,2,0.5124,810.9909447527599,4
700,49,2,0.7059,735.1858582251267,9
700,49,2,0.5581,906.2691193458118,7
700,49,2,0.5194,825.2924599429248,1
700,49,2,0.4127,862.9259735953042,0
700,49,2,0.4998,808.9615075012371,4
700,49,2,0.6277,909.5117600329312,11
700,49,2,0.5767,802.3990616607231,5
700,49,2,0.5227,717.3635277547904,7
700,49,2,0.5916,723.9787514439402,6
700,49,2,0.4754,869.2691193458119,5
700,49,2,0.5652,799.8132752230962,8
700,49,2,0.6027,885.3879143724299,7
700,49,2,0.4881,879.4112549695428,8
700,49,2,0.4996,910.76659402887,5
700,49,2,0.4601,936.666088965482,4
700,49,2,0.4695,825.8904396893715,4
700,49,2,0.6281,817.98484809835,10
700,49,2,0.5262,902.9259735953044,4
700,49,2,0.55,873.1625176280136,7
700,49,2,0.5,892.5178566873411,5
700,49,2,0.5404,817.3046532517445,4
700,49,2,0.6204,878.5472939388638,7
700,49,2,0.6222,848.6477990022522,10
700,49,2,0.5922,949.7604973744604,9
700,49,2,0.4903,807.9432175380074,4
700,49,2,0.6112,860.3757210636102,9
700,49,2,0.5606,828.091449816148,6
700,49,2,0.3923,824.8610024378486,2
700,49,2,0.4612,760.3574311003805,4
700,49,2,0.452,733.0792565073283,5
700,49,2,0.4952,717.8366158202091,4
700,49,2,0.5444,770.5584412271571,3
700,100,2,0.5012244897959184,481.3919189857867,0
700,100,2,0.7604081632653061,449.75840533340727,5
700,100,2,0.4506122448979592,458.5279579551077,2
700,100,2,0.6506122448979592,461.1076477383247,4
700,100,2,0.6459183673469387,423.65790027001896,2
700,100,2,0.3812244897959184,347.45079348883235,2
700,100,2,0.5524489795918367,452.08430714121175,4
700,100,2,0.4283673469387755,478.9777054234136,3
700,100,2,0.6536734693877551,477.49852070358486,5
700,100,2,0.7095918367346938,481.0010460205266,3
700,100,2,0.6057142857142858,435.2558800164656,5
700,100,2,0.506938775510204,442.0426765808692,3
700,100,2,0.6285714285714286,483.8772003600252,6
700,100,2,0.5683673469387756,429.56349186104046,4
700,100,2,0.7230612244897959,436.2081528017131,5
700,100,2,0.5065306122448979,470.4335495461292,4
700,100,2,0.5259183673469388,438.770598642227,4
700,100,2,0.6179591836734694,424.3502884254441,6
700,100,2,0.663469387755102,478.27922061357856,6
700,100,2,0.7204081632653061,373.095454429505,4
700,100,2,0.6173469387755102,462.0782104868019,4
700,100,2,0.7024489795918367,460.350288425444,6
700,100,2,0.513061224489796,395.8355697996826,4
700,100,2,0.6161224489795918,472.3269478283311,7
700,100,2,0.4953061224489796,441.7645019878172,5
700,100,2,0.5995918367346939,449.6639969244288,5
700,100,2,0.6246938775510205,501.9005409571382,4
700,100,2,0.5402040816326531,425.634559672906,3
700,100,2,0.5157142857142857,342.5512985522207,3
700,100,2,0.4748979591836734,416.3563850798539,2
700,100,2,0.6128571428571429,405.4507934888324,3
700,100,2,0.463469387755102,440.14927829866735,4
700,100,2,0.6173469387755102,405.072113832392,3
700,100,2,0.6004081632653061,479.5990257669732,4
700,100,2,0.5487755102040817,496.214249456123,3
700,100,2,0.7048979591836735,419.7645019878172,6
700,100,2,0.5373469387755102,521.4985207035849,4
700,100,2,0.4932653061224489,428.14927829866735,1
700,100,2,0.4628571428571428,387.6639969244288,3
700,100,2,0.4385714285714285,450.2914139223983,1
700,100,2,0.4173469387755102,410.2914139223983,1
700,100,2,0.4736734693877551,446.634559672906,3
700,100,2,0.669795918367347,525.0609665440987,6
700,100,2,0.693265306122449,470.7350647362943,6
700,100,2,0.2873469387755102,319.0010460205266,2
700,100,2,0.4295918367346938,362.80003589374985,3
700,100,2,0.6761224489795918,457.9066376115481,7
700,100,2,0.5891836734693877,473.5929291125633,5
700,100,2,0.4777551020408163,405.3858223313768,3
700,100,2,0.5424489795918367,462.49242404917504,5
700,100,2,0.5448979591836735,557.8893936688451,5
700,100,2,0.6669387755102041,436.936074863071,6
700,100,2,0.5310204081632653,499.350288425444,5
700,100,2,0.5093877551020408,476.4274528917194,3
700,100,2,0.5393877551020408,480.2914139223983,4
700,100,2,0.716530612244898,484.5929291125633,6
700,100,2,0.6006122448979592,493.80003589374985,3
700,100,2,0.6926530612244898,476.2619766708754,7
700,100,2,0.4316326530612245,387.9360748630709,3
700,100,2,0.3677551020408163,338.38582233137674,2
700,100,2,0.6091836734693877,555.605122421383,4
700,100,2,0.5546938775510204,439.9482681718907,6
700,100,2,0.4628571428571428,429.3919189857866,3
700,100,2,0.4779591836734694,371.8355697996826,3
700,100,2,0.5063265306122449,534.8538597629123,4
700,100,2,0.386938775510204,467.4629867976521,3
700,100,2,0.4387755102040816,458.8061325481598,2
700,100,2,0.6344897959183673,346.27922061357856,5
700,100,2,0.6748979591836735,470.2558800164656,6
700,100,2,0.573469387755102,443.3919189857867,2
700,100,2,0.4708163265306122,465.3858223313768,2
700,100,2,0.5591836734693878,572.469083452062,4
700,100,2,0.4785714285714286,444.350288425444,3
700,100,2,0.5083673469387755,496.2975105768082,3
700,100,2,0.5648979591836735,480.04877323527904,3
700,100,2,0.7546938775510204,428.7645019878171,7
700,100,2,0.5016326530612245,427.46298679765215,5
700,100,2,0.6285714285714286,455.8772003600252,8
700,100,2,0.4010204081632653,439.0426765808691,2
700,100,2,0.6051020408163266,412.8355697996826,6
700,100,2,0.6051020408163266,473.6761902332486,6
700,100,2,0.6142857142857143,497.74116139070406,5
700,100,2,0.4630612244897959,464.52795795510775,1
700,100,2,0.3920408163265306,478.8061325481598,2
700,100,2,0.5689795918367347,527.0843071412118,4
700,100,2,0.6651020408163265,543.0548698896889,5
700,100,2,0.5138775510204082,478.32085117392114,6
700,100,2,0.7334693877551021,492.8772003600253,8
700,100,2,0.6475510204081633,463.9777054234136,7
700,100,2,0.5604081632653061,390.3086578651014,3
700,100,2,0.6985714285714286,390.2081528017131,7
700,100,2,0.5477551020408163,464.8122292025696,3
700,100,2,0.5359183673469388,462.77059864222696,4
700,100,2,0.43,460.0843071412117,4
700,100,2,0.4808163265306122,411.90054095713816,3
700,100,2,0.3373469387755102,360.75840533340727,3
700,100,2,0.4530612244897959,382.7167747730646,4
700,100,2,0.2222448979591836,360.373629022557,0
700,100,2,0.573469387755102,501.4863273947651,1
700,100,2,0.426734693877551,429.69343417595167,1
800,4,2,0.5558625,9478.28534805996,23
800,4,2,0.5565625,9866.392995798282,24
800,4,2,0.54779375,9792.695557008974,32
800,4,2,0.52766875,9893.68440972068,16
800,16,2,0.5941,2629.8023074035523,14
800,16,2,0.5624,2664.4825022501577,9
800,16,2,0.55725,2599.7545801887995,10
800,16,2,0.636225,2623.36370722354,18
800,16,2,0.565375,2614.867278561008,7
800,16,2,0.501575,2516.36370722354,6
800,16,2,0.5312,2794.696751706281,4
800,16,2,0.501575,2788.879471869828,4
800,16,2,0.4913,2588.258151526268,7
800,16,2,0.596625,2732.8561312727147,14
800,16,2,0.574925,2579.772870152029,8
800,16,2,0.47935,2636.0398974567884,4
800,16,2,0.48925,2430.7545801887995,7
800,16,2,0.614,2664.441917710342,17
800,16,2,0.56745,2603.15154980847,14
800,16,2,0.48895,2682.329219338133,5
800,25,2,0.6012890625,1767.5504320004434,11
800,25,2,0.5939453125,1685.4255403194156,11
800,25,2,0.5562890625,1718.5798692519663,6
800,25,2,0.63203125,1655.7037149124676,14
800,25,2,0.586015625,1796.538238691624,12
800,25,2,0.529453125,1759.4671708797582,6
800,25,2,0.5466796875,1698.4499269370554,6
800,25,2,0.5675390625,1563.638743755012,6
800,25,2,0.4099609375,1852.14841174689,-3
800,25,2,0.6036328125,1836.035713374682,13
800,25,2,0.5365625,1759.4204896855324,7
800,25,2,0.5594140625,1632.502704785691,6
800,25,2,0.5177734375,1757.4082963767123,6
800,25,2,0.5299609375,1976.409342397239,5
800,25,2,0.50703125,1832.734198184517,6
800,25,2,0.47546875,1694.75144212722,5
800,25,2,0.5785546875,1609.8813844421315,12
800,25,2,0.5480859375,1744.1423150924804,8
800,25,2,0.580390625,1590.7159082212877,8
800,25,2,0.453046875,1745.7697320904497,2
800,25,2,0.4910546875,1715.052957317385,6
800,25,2,0.5969921875,1858.2905473706207,8
800,25,2,0.602421875,1870.307791313324,11
800,25,2,0.5641015625,1784.740294838927,9
800,25,2,0.5066015625,1803.3555185280768,7
800,64,2,0.5491,790.4579361637689,2
800,64,2,0.7437,731.2802666341051,10
800,64,2,0.484,700.8954903232549,2
800,64,2,0.6116,789.6295090390227,5
800,64,2,0.6063,808.3513344459706,4
800,64,2,0.6722,819.6589462905455,6
800,64,2,0.5316,857.866053071732,5
800,64,2,0.6222,703.1086937588514,8
800,64,2,0.5156,729.2213921310595,4
800,64,2,0.568,760.1503243191939,5
800,64,2,0.6903,809.58787847868,9
800,64,2,0.4637,830.3635277547903,1
800,64,2,0.5604,756.2569260369921,4
800,64,2,0.3901,667.2741699796952,1
800,64,2,0.6309,762.8366158202091,5
800,64,2,0.7602,758.6173157302029,7
800,64,2,0.5069,701.1970055134199,4
800,64,2,0.5672,849.9259735953043,5
800,64,2,0.4712,767.0853531617382,3
800,64,2,0.4272,608.4396462005392,2
800,64,2,0.5775,695.1381310103741,3
800,64,2,0.449,911.7310601229376,1
800,64,2,0.4813,817.1442276647841,2
800,64,2,0.4914,815.422402257836,3
800,64,2,0.4608,823.6417023478423,1
800,64,2,0.7266,674.889393668845,6
800,64,2,0.4947,800.0020920410531,3
800,64,2,0.6132,711.9310242291876,5
800,64,2,0.6426,749.2152954766494,5
800,64,2,0.4557,831.3635277547903,3
800,64,2,0.5209,847.848809129029,4
800,64,2,0.5127,806.6650429449553,3
800,64,2,0.611,849.7127701597078,9
800,64,2,0.4789,757.2802666341051,1
800,64,2,0.6476,795.9726547895302,3
800,64,2,0.4503,777.8366158202092,3
800,64,2,0.6619,782.2508293825823,4
800,64,2,0.5206,889.4406922210657,4
800,64,2,0.4851,751.9432175380074,3
800,64,2,0.5323,751.6417023478424,5
800,64,2,0.4031,692.564537881567,2
800,64,2,0.4722,646.8305191657993,4
800,64,2,0.7105,813.7005768508882,8
800,64,2,0.5781,877.3046532517446,6
800,64,2,0.5182,794.4518395093589,3
800,64,2,0.599,691.2447327281725,4
800,64,2,0.4144,729.2569260369922,0
800,64,2,0.4856,749.3635277547904,6
800,64,2,0.4158,603.8599564173221,2
800,64,2,0.4248,676.008188695463,4
800,64,2,0.5684,781.2274887854692,6
800,64,2,0.579,808.6417023478424,8
800,64,2,0.5597,683.9371208835975,4
800,64,2,0.6739,839.97875144394,9
800,64,2,0.4606,759.3929650063131,5
800,64,2,0.399,655.0376259469858,1
800,64,2,0.6199,694.7655480083437,5
800,64,2,0.4965,669.9076836320746,4
800,64,2,0.5984,774.4224022578361,5
800,64,2,0.7102,778.9015869776648,6
800,64,2,0.547,794.280266634105,3
800,64,2,0.4892,827.7422074112308,4
800,64,2,0.4954,733.7422074112307,0
800,64,2,0.6008,770.7716446627536,6
800,100,2,0.52203125,516.2203461105329,2
800,100,2,0.60046875,582.1198410471445,6
800,100,2,0.64203125,490.62846301849606,4
800,100,2,0.5040625,450.0426765808691,3
800,100,2,0.59953125,553.8772003600252,2
800,100,2,0.51890625,540.6639969244287,2
800,100,2,0.74375,543.1492782986674,5
800,100,2,0.64046875,494.63455967290594,7
800,100,2,0.55625,553.4568901432423,4
800,100,2,0.67078125,507.2558800164656,7
800,100,2,0.61125,556.6761902332486,4
800,100,2,0.67140625,435.8061325481598,7
800,100,2,0.58375,557.5634918610405,6
800,100,2,0.6459375,550.8772003600252,5
800,100,2,0.460625,574.5046173579948,2
800,100,2,0.64609375,454.8061325481598,5
800,100,2,0.42921875,531.776695296637,3
800,100,2,0.7146875,397.96551211459376,5
800,100,2,0.5096875,577.1909088590099,2
800,100,2,0.60734375,511.2497833620557,5
800,100,2,0.4353125,397.4213562373095,3
800,100,2,0.3384375,437.1198410471445,1
800,100,2,0.67921875,527.3330444827409,6
800,100,2,0.5825,581.2264427649427,4
800,100,2,0.5521875,488.67009357883865,6
800,100,2,0.52859375,487.5990257669732,1
800,100,2,0.38734375,524.3330444827409,3
800,100,2,0.460625,501.1848122046001,0
800,100,2,0.67078125,614.5046173579948,5
800,100,2,0.71265625,470.48632739476506,6
800,100,2,0.63046875,621.3624817342638,5
800,100,2,0.71359375,521.4568901432422,5
800,100,2,0.5859375,494.770598642227,3
800,100,2,0.3390625,436.3919189857867,0
800,100,2,0.5575,474.4568901432423,3
800,100,2,0.631875,506.6345596729059,2
800,100,2,0.4678125,665.8599564173221,1
800,100,2,0.3240625,451.80003589374985,0
800,100,2,0.619375,562.2975105768082,5
800,100,2,0.41171875,510.5340546095176,1
800,100,2,0.414375,523.8183258569795,2
800,100,2,0.70671875,451.5929291125633,5
800,100,2,0.57125,564.7411613907042,4
800,100,2,0.45703125,443.3858223313768,2
800,100,2,0.491875,480.6639969244288,3
800,100,2,0.55265625,574.6761902332486,2
800,100,2,0.5578125,566.2558800164657,4
800,100,2,0.51,570.1320343559643,4
800,100,2,0.536875,555.9898987322333,3
800,100,2,0.5046875,465.5634918610404,1
800,100,2,0.53296875,542.2619766708755,5
800,100,2,0.4921875,525.4335495461293,3
800,100,2,0.63765625,453.76450198781714,4
800,100,2,0.57171875,435.88329701443513,5
800,100,2,0.483125,538.1909088590099,4
800,100,2,0.5434375,525.4274528917193,1
800,100,2,0.55375,551.2325394193526,3
800,100,2,0.49828125,504.9543648263006,3
800,100,2,0.4528125,470.64065632731575,2
800,100,2,0.53375,532.6406563273158,4
800,100,2,0.45796875,558.605122421383,4
800,100,2,0.55671875,503.6406563273158,6
800,100,2,0.7375,491.1431816442574,6
800,100,2,0.60625,472.5340546095176,4
800,100,2,0.5234375,471.6700935788388,3
800,100,2,0.61375,534.9360748630709,4
800,100,2,0.76015625,473.76450198781714,6
800,100,2,0.5378125,557.1259377015543,2
800,100,2,0.47421875,568.889393668845,1
800,100,2,0.39734375,552.6761902332486,2
800,100,2,0.49203125,479.14927829866735,3
800,100,2,0.39515625,425.69343417595167,2
800,100,2,0.43484375,571.6995308303616,4
800,100,2,0.535625,503.43354954612926,4
800,100,2,0.6234375,536.6173157302029,5
800,100,2,0.43171875,527.9838020778235,3
800,100,2,0.6075,458.6995308303616,4
800,100,2,0.41609375,476.9838020778235,2
800,100,2,0.5040625,456.04877323527904,3
800,100,2,0.4365625,430.4274528917194,3
800,100,2,0.3646875,505.1137443927346,2
800,100,2,0.28578125,423.8711037056154,1
800,100,2,0.500625,605.0965004500315,2
800,100,2,0.6225,528.5756851698602,5
800,100,2,0.64765625,613.0904037956217,5
800,100,2,0.6425,535.3208511739213,5
800,100,2,0.67671875,605.0904037956217,5
800,100,2,0.555625,503.8416664540925,6
800,100,2,0.4203125,570.611219075793,4
800,100,2,0.47796875,518.7117241391813,2
800,100,2,0.71890625,503.5218613006979,5
800,100,2,0.59484375,520.8183258569795,6
800,100,2,0.55,523.9421715174808,3
800,100,2,0.71484375,521.3980156401965,4
800,100,2,0.614375,628.7117241391813,3
800,100,2,0.50515625,528.9066376115481,2
800,100,2,0.49890625,538.6345596729059,2
800,100,2,0.52515625,550.8244225113893,3
800,100,2,0.5025,502.8061325481598,3
800,100,2,0.625625,512.6700935788386,6
900,4,2,0.5609135802469136,10913.103853385688,29
900,4,2,0.5642666666666667,10641.043932862114,40
900,4,2,0.5622172839506173,11126.434805827374,36
900,4,2,0.5174320987654321,10705.268283586003,21
900,9,2,0.5823,5231.398554046445,19
900,9,2,0.5566,4645.272616344891,17
900,9,2,0.5788888888888889,4927.06045892982,21
900,9,2,0.5639444444444445,5542.595559559864,23
900,9,2,0.5307,4895.285855674236,16
900,9,2,0.4610222222222222,4868.23917448001,8
900,9,2,0.565,5230.865545457454,19
900,9,2,0.5400666666666667,4940.610711461514,17
900,9,2,0.5823444444444444,4821.43304193185,20
900,16,2,0.5668740740740741,3105.472400982392,11
900,16,2,0.5468246913580247,2850.880517890354,11
900,16,2,0.6112197530864197,2910.744478921033,13
900,16,2,0.5909135802469135,2838.0398974567884,18
900,16,2,0.573037037037037,3108.609485972239,16
900,16,2,0.5569185185185185,2869.6500705120548,6
900,16,2,0.4803555555555555,2816.052090765608,8
900,16,2,0.5745777777777777,3125.402379191052,13
900,16,2,0.5983604938271605,3120.750575575443,17
900,16,2,0.5576691358024691,3098.5972926634186,13
900,16,2,0.4968296296296296,2937.2957774732536,10
900,16,2,0.400079012345679,2816.235856949682,2
900,16,2,0.528079012345679,3109.472400982391,11
900,16,2,0.5647604938271605,2982.2236636408616,8
900,16,2,0.5222123456790123,2924.1698397717,10
900,16,2,0.6506074074074074,2899.625683894415,14
900,25,2,0.5673765432098765,2022.6103525240155,7
900,25,2,0.5593827160493827,2016.593108581313,10
900,25,2,0.6241358024691358,1760.76363543604,10
900,25,2,0.6308641975308642,2035.7585848021563,12
900,25,2,0.5833333333333334,1949.7819253992693,12
900,25,2,0.6125308641975309,2026.4570696119915,14
900,25,2,0.5587037037037037,1963.971788237753,4
900,25,2,0.4967283950617284,1606.6692270270614,5
900,25,2,0.5106172839506172,1873.3027406794408,5
900,25,2,0.509783950617284,1993.2083322704625,8
900,25,2,0.4949691358024691,2127.309883354377,7
900,25,2,0.5760493827160493,2119.889573137594,7
900,25,2,0.4987037037037037,1842.5392847121504,6
900,25,2,0.5431481481481482,1641.75753878163,7
900,25,2,0.4979938271604938,2063.2976900455574,6
900,25,2,0.6398456790123457,1959.859089865545,15
900,25,2,0.6171913580246914,2047.3210306426704,11
900,25,2,0.4914814814814814,1899.214428924872,5
900,25,2,0.498179012345679,2000.854039231661,8
900,25,2,0.4952469135802469,1727.9474016201134,6
900,25,2,0.4752777777777778,1996.6397897755385,5
900,25,2,0.5745061728395062,2001.1545084013,6
900,25,2,0.5313271604938271,1787.75144212722,7
900,25,2,0.5677469135802469,1887.5037508062176,11
900,25,2,0.6250617283950617,1939.704760932994,9
900,36,2,0.5824,1521.6143571373725,6
900,36,2,0.6426222222222222,1455.7209588551707,11
900,36,2,0.4704,1283.2112908632926,3
900,36,2,0.6753333333333333,1388.271211386865,9
900,36,2,0.5923111111111111,1441.6204537917824,8
900,36,2,0.6066666666666667,1336.9747468305832,9
900,36,2,0.5775555555555556,1309.5605332682103,6
900,36,2,0.5266222222222222,1490.4610742253485,9
900,36,2,0.6257333333333334,1235.6965722375312,9
900,36,2,0.4549333333333333,1320.9158723275375,4
900,36,2,0.5904888888888888,1406.0580079512686,4
900,36,2,0.5260888888888889,1450.1940469205897,7
900,36,2,0.5668888888888889,1741.6631303726515,9
900,36,2,0.5319111111111111,1541.135172417544,4
900,36,2,0.5240888888888889,1392.265114732455,3
900,36,2,0.5248444444444444,1298.9219689819474,8
900,36,2,0.5289333333333334,1369.3067452927978,5
900,36,2,0.5788,1438.9696961967,10
900,36,2,0.604,1557.8275605729689,9
900,36,2,0.5529777777777778,1444.8925317304245,7
900,36,2,0.5292444444444444,1474.934162290767,9
900,36,2,0.5446222222222222,1311.294551983978,7
900,36,2,0.3485777777777777,1377.2356774809325,2
900,36,2,0.3877777777777778,1259.0285706997456,1
900,36,2,0.5967555555555556,1452.0641046056785,10
900,36,2,0.6583555555555556,1471.96359954229,10
900,36,2,0.5854666666666667,1310.993036793813,8
900,36,2,0.4591111111111111,1413.6976182580577,4
900,36,2,0.5037777777777778,1408.1412690719535,5
900,36,2,0.5831555555555555,1325.5016587651644,8
900,36,2,0.4930222222222222,1331.010280736516,5
900,36,2,0.5118666666666667,1382.8214639185592,5
900,36,2,0.5282666666666667,1434.903679018718,5
900,36,2,0.5874222222222222,1461.874241767195,9
900,36,2,0.5959555555555556,1289.0813485483816,11
900,36,2,0.6464888888888889,1347.010280736516,8
900,81,2,0.5288,703.889393668845,3
900,81,2,0.6528,710.2152954766494,4
900,81,2,0.6325,707.9015869776647,5
900,81,2,0.4571,611.6822868876584,5
900,81,2,0.6459,616.4102089490162,2
900,81,2,0.7347,740.008188695463,7
900,81,2,0.636,731.0792565073284,6
900,81,2,0.5215,696.173664916307,6
900,81,2,0.6116,712.6883835420683,6
900,81,2,0.5265,697.3807716974935,4
900,81,2,0.5632,737.6650429449553,4
900,81,2,0.6712,778.1208870676711,7
900,81,2,0.4258,669.5462479183374,2
900,81,2,0.5136,621.5817818242701,5
900,81,2,0.5595,690.0670631985087,4
900,81,2,0.6257,658.3685783886737,3
900,81,2,0.7133,543.0965004500315,8
900,81,2,0.518,661.6234123846127,4
900,81,2,0.6938,664.469083452062,5
900,81,2,0.4958,702.7949852598665,2
900,81,2,0.4761,709.3279938488575,1
900,81,2,0.7027,644.58178182427,5
900,81,2,0.5632,617.8954903232549,4
900,81,2,0.4069,604.2741699796952,4
900,81,2,0.5753,650.4163056034262,4
900,81,2,0.5156,692.7777413171634,3
900,81,2,0.493,685.0315292925759,2
900,81,2,0.5403,884.4467888754755,4
900,81,2,0.6705,798.4163056034262,7
900,81,2,0.5228,735.3513344459706,3
900,81,2,0.5273,760.2630226914019,2
900,81,2,0.5004,637.469083452062,3
900,81,2,0.4856,580.8538597629123,3
900,81,2,0.3264,631.4518395093589,0
900,81,2,0.5483,665.1381310103742,5
900,81,2,0.5814,741.4934700697015,6
900,81,2,0.5206,773.8721497261419,6
900,81,2,0.5288,796.6711395993652,4
900,81,2,0.5383,812.2508293825823,4
900,81,2,0.5622,758.0142853498729,6
900,81,2,0.5874,831.0376259469858,4
900,81,2,0.589,682.7533546995239,4
900,81,2,0.6854,653.3868683519033,8
900,81,2,0.5411,656.866053071732,5
900,81,2,0.4682,690.0853531617383,1
900,81,2,0.5351,787.3635277547903,6
900,81,2,0.5734,624.0254326381661,5
900,81,2,0.6457,745.1147904132612,6
900,81,2,0.4423,659.2802666341051,3
900,81,2,0.4917,733.9726547895302,3
900,81,2,0.5904,641.3513344459706,7
900,81,2,0.2189,566.58787847868,0
900,81,2,0.3452,618.7949852598666,2
900,81,2,0.4343,570.3158005400379,3
900,81,2,0.5336,760.6295090390227,4
900,81,2,0.7912,708.5168106668145,10
900,81,2,0.55,801.422402257836,2
900,81,2,0.6211,611.8954903232549,5
900,81,2,0.5211,545.730014102411,2
900,81,2,0.5279,704.6356056934326,6
900,81,2,0.5968,691.6650429449554,5
900,81,2,0.3821,727.3746750430836,1
900,81,2,0.5772,729.4284989122459,4
900,81,2,0.5483,701.2508293825822,5
900,81,2,0.3913,698.8010819142763,3
900,81,2,0.6983,698.3391411371508,6
900,81,2,0.4061,604.2031021678297,1
900,81,2,0.3869,576.5462479183374,1
900,81,2,0.4968,738.286363288515,5
900,81,2,0.4199,657.9015869776647,2
900,81,2,0.6371,835.5939751330899,3
900,81,2,0.6896,735.2031021678298,4
900,81,2,0.4831,690.7533546995239,3
900,81,2,0.513,663.6822868876585,4
900,81,2,0.5762,737.7594513539337,5
900,81,2,0.599,693.2386360737626,5
900,81,2,0.6967,636.3624817342638,8
900,81,2,0.605,736.5229073212244,6
900,81,2,0.6829,654.469083452062,9
900,81,2,0.6515,746.6234123846127,6
900,81,2,0.604,599.747258045114,3
900,100,2,0.5248148148148148,595.3624817342638,4
900,100,2,0.6735802469135802,628.3391411371508,4
900,100,2,0.5866666666666667,644.5340546095176,4
900,100,2,0.4239506172839506,537.8477631085024,1
900,100,2,0.595679012345679,507.49852070358486,2
900,100,2,0.7287654320987654,565.9838020778234,4
900,100,2,0.7292592592592593,617.611219075793,6
900,100,2,0.6281481481481481,598.9898987322333,6
900,100,2,0.5319753086419753,618.475180106472,4
900,100,2,0.6191358024691358,563.3269478283311,5
900,100,2,0.5790123456790124,534.1909088590099,4
900,100,2,0.4920987654320987,575.6467529817256,3
900,100,2,0.778641975308642,732.1025971044414,6
900,100,2,0.4482716049382716,590.0020920410531,3
900,100,2,0.55,549.8772003600252,6
900,100,2,0.6220987654320987,526.5046173579948,3
900,100,2,0.4817283950617284,571.1736649163068,4
900,100,2,0.684320987654321,506.1848122046001,4
900,100,2,0.6474074074074074,511.4629867976521,4
900,100,2,0.5348148148148149,589.8244225113893,4
900,100,2,0.67,566.0904037956217,5
900,100,2,0.411358024691358,596.2680733252853,1
900,100,2,0.3666666666666666,612.7117241391813,0
900,100,2,0.6175308641975309,603.422402257836,4
900,100,2,0.5451851851851852,582.883297014435,4
900,100,2,0.3150617283950617,469.48127676088177,1
900,100,2,0.5198765432098765,446.04877323527904,3
900,100,2,0.7058024691358025,541.2914139223983,6
900,100,2,0.421358024691358,535.1320343559643,2
900,100,2,0.5402469135802469,545.1614716074872,3
900,100,2,0.585925925925926,644.8954903232548,5
900,100,2,0.7828395061728395,686.9249275747777,8
900,100,2,0.624320987654321,558.3208511739213,5
900,100,2,0.6262962962962964,576.7533546995239,3
900,100,2,0.6658024691358024,412.69343417595167,2
900,100,2,0.4608641975308642,516.0548698896889,3
900,100,2,0.3214814814814815,451.88329701443513,1
900,100,2,0.4953086419753086,608.7655480083437,0
900,100,2,0.5545679012345679,544.912734265958,4
900,100,2,0.522962962962963,703.6528496361356,4
900,100,2,0.4503703703703703,677.9371208835975,4
900,100,2,0.4772839506172839,686.4812767608818,3
900,100,2,0.5125925925925926,686.7178207935912,1
900,100,2,0.6204938271604938,655.0376259469858,5
900,100,2,0.4134567901234567,498.5634918610404,1
900,100,2,0.5658024691358025,597.5817818242701,4
900,100,2,0.6948148148148148,602.8538597629123,6
900,100,2,0.5545679012345679,463.80003589374985,3
900,100,2,0.6129629629629629,683.6822868876584,4
900,100,2,0.6133333333333333,623.8244225113893,5
900,100,2,0.532962962962963,593.5462479183374,3
900,100,2,0.5192592592592593,631.1320343559643,4
900,100,2,0.6090123456790123,508.770598642227,3
900,100,2,0.5620987654320988,681.1503243191939,5
900,100,2,0.5840740740740741,606.8538597629123,6
900,100,2,0.4314814814814814,518.2264427649427,2
900,100,2,0.538395061728395,429.76450198781714,2
900,100,2,0.3848148148148148,539.4041122946064,2
900,100,2,0.3746913580246913,546.8599564173221,2
900,100,2,0.3909876543209876,538.0670631985087,1
900,100,2,0.5561728395061728,678.2152954766494,6
900,100,2,0.7253086419753086,373.0365799264593,6
900,100,2,0.655679012345679,575.2741699796952,7
900,100,2,0.4966666666666666,558.9898987322333,1
900,100,2,0.411358024691358,567.611219075793,1
900,100,2,0.5433333333333333,459.2031021678298,6
900,100,2,0.4937037037037037,566.4396462005392,5
900,100,2,0.3335802469135802,531.5168106668145,2
900,100,2,0.4069135802469136,449.2619766708754,3
900,100,2,0.3985185185185185,557.611219075793,2
900,100,2,0.5393827160493827,608.776695296637,4
900,100,2,0.7385185185185185,639.5168106668145,8
900,100,2,0.6461728395061729,686.7533546995239,7
900,100,2,0.6702469135802469,586.7472580451141,5
900,100,2,0.6087654320987654,549.0609665440988,4
900,100,2,0.4024691358024691,523.6467529817257,1
900,100,2,0.6112345679012345,636.1086937588512,6
900,100,2,0.5541975308641975,583.8538597629123,5
900,100,2,0.4938271604938271,476.46298679765215,3
900,100,2,0.6817283950617284,626.0904037956217,4
900,100,2,0.54,597.7533546995239,4
900,100,2,0.3160493827160494,574.747258045114,1
900,100,2,0.5912345679012345,572.0193359837563,3
900,100,2,0.5392592592592592,578.0548698896889,2
900,100,2,0.4134567901234567,544.2203461105329,2
900,100,2,0.3824691358024691,524.5340546095176,2
900,100,2,0.3728395061728395,483.2619766708754,0
900,100,2,0.5204938271604939,561.2741699796952,2
900,100,2,0.6965432098765432,625.0254326381661,6
900,100,2,0.5923456790123457,633.1970055134199,3
900,100,2,0.4574074074074074,610.5340546095176,3
900,100,2,0.5876543209876544,539.5990257669731,4
900,100,2,0.5877777777777777,525.6406563273158,3
900,100,2,0.5797530864197531,652.1259377015544,3
900,100,2,0.5871604938271605,611.8832970144351,3
900,100,2,0.7422222222222222,533.8355697996826,6
900,100,2,0.611358024691358,513.7827919510468,7
900,100,2,0.7662962962962963,588.1492782986674,7
900,100,2,0.6069135802469136,605.1553749530773,4
900,100,2,0.6044444444444445,531.8061325481598,2
1000,4,2,0.544888,11894.123189369444,25
1000,4,2,0.539148,12496.185201934068,30
1000,4,2,0.538696,12435.517200396282,23
1000,4,2,0.552164,12074.203491897297,29
1000,16,2,0.523504,3362.3079707820734,5
1000,16,2,0.608656,3104.022653514085,17
1000,16,2,0.547744,3376.485640311737,12
1000,16,2,0.547376,3258.419623133755,11
1000,16,2,0.508384,3448.8409793710643,6
1000,16,2,0.539008,3220.767819518146,8
1000,16,2,0.570672,3473.1252506185265,15
1000,16,2,0.4908,3317.006455591909,8
1000,16,2,0.571504,3518.225755681915,12
1000,16,2,0.492576,3156.3201640908933,4
1000,16,2,0.505824,3394.92424049175,8
1000,16,2,0.563216,3399.261289587848,11
1000,16,2,0.588928,3462.474493023444,18
1000,16,2,0.501776,3191.141448540703,7
1000,16,2,0.565088,3079.485640311737,11
1000,16,2,0.574528,3099.141448540703,14
1000,25,2,0.558875,2230.0611460128484,6
1000,25,2,0.55775,2326.94235098623,8
1000,25,2,0.535475,2183.9829355260463,6
1000,25,2,0.591075,2187.847942577252,10
1000,25,2,0.605025,2225.084486609961,13
1000,25,2,0.522,2348.913959755234,6
1000,25,2,0.5637,2160.965691583343,9
1000,25,2,0.564375,2174.356564548604,7
1000,25,2,0.5812,2257.747437513863,9
1000,25,2,0.473175,2174.8002153625,2
1000,25,2,0.5749,2119.1971849821693,11
1000,25,2,0.41275,1907.018469431979,2
1000,25,2,0.417475,2148.741340859454,2
1000,25,2,0.63315,2434.36980387795,13
1000,25,2,0.5055,2059.438779648762,7
1000,25,2,0.665325,2363.8306986345483,15
1000,25,2,0.4589,2263.4103884177657,5
1000,25,2,0.535675,2284.3870478206527,9
1000,25,2,0.5431,2287.682466356408,1
1000,25,2,0.5545,2253.6946596652274,13
1000,25,2,0.524925,2291.818505325729,7
1000,25,2,0.5879,2218.4103884177657,11
1000,25,2,0.464125,2121.504796826744,7
1000,25,2,0.5793,2139.8773798287743,10
1000,25,2,0.582925,2162.4987001723343,9
1000,64,2,0.487552,981.9737008100568,4
1000,64,2,0.702016,867.730014102411,5
1000,64,2,0.518848,1051.0031380615796,4
1000,64,2,0.576448,858.1736649163068,6
1000,64,2,0.563584,1014.9026329981914,6
1000,64,2,0.622336,1029.0031380615796,6
1000,64,2,0.473216,1020.4762261269984,4
1000,64,2,0.692288,1000.7483040656406,9
1000,64,2,0.514368,935.8610024378488,4
1000,64,2,0.39008,926.080302527855,2
1000,64,2,0.630912,971.7899346259832,8
1000,64,2,0.708416,887.8427124746191,8
1000,64,2,0.407872,877.2396820942889,1
1000,64,2,0.597184,883.7127701597079,9
1000,64,2,0.556864,1003.944263558534,4
1000,64,2,0.467136,748.9310242291876,1
1000,64,2,0.508928,1027.3584771209069,3
1000,64,2,0.417664,993.3168465605644,1
1000,64,2,0.62112,898.8843430349617,5
1000,64,2,0.580352,888.8366158202091,5
1000,64,2,0.524032,1048.0803025278549,5
1000,64,2,0.63616,892.1503243191939,6
1000,64,2,0.543232,1068.458982184295,4
1000,64,2,0.45856,896.4823227814082,4
1000,64,2,0.608512,1035.938166904124,8
1000,64,2,0.498432,892.6356056934325,3
1000,64,2,0.496768,886.0203820042826,3
1000,64,2,0.457792,967.263022691402,3
1000,64,2,0.49504,1049.831565186326,3
1000,64,2,0.627456,995.2996026178612,11
1000,64,2,0.525632,922.5828278447966,6
1000,64,2,0.435776,814.8904396893715,3
1000,64,2,0.574976,1037.38181771802,5
1000,64,2,0.479872,803.706673505298,2
1000,64,2,0.532288,740.6417023478424,3
1000,64,2,0.38688,865.7544007200505,-1
1000,64,2,0.451648,1025.1513703397204,3
1000,64,2,0.638144,1016.2935059634514,8
1000,64,2,0.699776,824.428498912246,5
1000,64,2,0.462464,867.7188668141177,5
1000,64,2,0.680128,1118.1452736853105,8
1000,64,2,0.55104,1085.1574669941303,6
1000,64,2,0.369984,995.659992311072,2
1000,64,2,0.681152,1075.914826307011,8
1000,64,2,0.350144,876.6538956566621,2
1000,64,2,0.58336,930.8549057834388,3
1000,64,2,0.55968,1051.305699272271,4
1000,64,2,0.530944,1019.216341497176,8
1000,64,2,0.597696,1018.216341497176,7
1000,64,2,0.585152,986.7249634685276,7
1000,64,2,0.58912,921.9554108468272,6
1000,64,2,0.34176,825.8010819142764,1
1000,64,2,0.583424,1027.287409309041,5
1000,64,2,0.59616,837.3279938488577,5
1000,64,2,0.648704,847.4406922210657,5
1000,64,2,0.54432,959.9493141924172,3
1000,64,2,0.558656,888.7483040656406,2
1000,64,2,0.614208,1049.4001076812497,9
1000,64,2,0.52256,990.6833329081852,3
1000,64,2,0.553664,988.38181771802,7
1000,64,2,0.461824,802.1330803764909,2
1000,64,2,0.618944,971.7665940288704,5
1000,64,2,0.547712,948.0853531617382,7
1000,64,2,0.557376,1035.5594872476836,4
1000,100,2,0.5485,591.3452377915607,2
1000,100,2,0.7152,548.770598642227,3
1000,100,2,0.4695,692.2325394193526,2
1000,100,2,0.6244,727.4873734152916,3
1000,100,2,0.4373,560.0426765808692,4
1000,100,2,0.5687,754.0670631985087,5
1000,100,2,0.6571,675.889393668845,4
1000,100,2,0.4973,687.8183258569794,5
1000,100,2,0.57,670.9604614807104,4
1000,100,2,0.7351,716.6822868876584,6
1000,100,2,0.4418,559.8832970144351,3
1000,100,2,0.53,783.8488091290288,5
1000,100,2,0.5447,595.5756851698602,5
1000,100,2,0.5924,693.333044482741,5
1000,100,2,0.6908,599.0426765808692,5
1000,100,2,0.4451,732.9604614807105,1
1000,100,2,0.6109,700.6295090390225,6
1000,100,2,0.599,545.2975105768082,4
1000,100,2,0.5412,712.5939751330899,7
1000,100,2,0.5738,551.9482681718907,3
1000,100,2,0.6458,682.2386360737624,6
1000,100,2,0.4718,673.4163056034262,1
1000,100,2,0.3797,648.7888886054567,2
1000,100,2,0.7713,654.4335495461293,6
1000,100,2,0.5592,549.2975105768082,4
1000,100,2,0.4944,604.2741699796953,3
1000,100,2,0.5737,636.8122292025696,2
1000,100,2,0.4871,512.6700935788388,1
1000,100,2,0.489,602.7888886054567,1
1000,100,2,0.3613,551.3980156401965,2
1000,100,2,0.4568,752.706673505298,1
1000,100,2,0.5136,681.445742854949,2
1000,100,2,0.558,666.309703885628,5
1000,100,2,0.5458,685.1198410471445,3
1000,100,2,0.7463,675.9898987322333,5
1000,100,2,0.4576,696.8954903232548,1
1000,100,2,0.6465,749.1086937588512,6
1000,100,2,0.6175,844.2213921310595,5
1000,100,2,0.5795,691.1025971044414,6
1000,100,2,0.4629,576.5756851698602,3
1000,100,2,0.5692,722.730014102411,5
1000,100,2,0.5125,612.7766952966368,2
1000,100,2,0.4132,582.3269478283311,1
1000,100,2,0.4863,552.2975105768081,4
1000,100,2,0.3981,668.1259377015544,2
1000,100,2,0.4513,764.6295090390227,3
1000,100,2,0.645,727.9371208835975,7
1000,100,2,0.5425,744.173664916307,3
1000,100,2,0.4069,552.8061325481598,3
1000,100,2,0.4653,612.0020920410532,3
1000,100,2,0.57,813.730014102411,4
1000,100,2,0.6479,602.2680733252853,5
1000,100,2,0.3383,464.8477631085024,2
1000,100,2,0.4132,499.6822868876585,1
1000,100,2,0.3872,539.1614716074871,1
1000,100,2,0.4333,633.0609665440988,3
1000,100,2,0.6288,669.7716446627536,5
1000,100,2,0.7163,666.6173157302028,5
1000,100,2,0.6402,608.9127342659579,4
1000,100,2,0.5096,587.2325394193526,6
1000,100,2,0.7215,687.4335495461293,6
1000,100,2,0.6018,651.1797615707168,5
1000,100,2,0.3248,553.469083452062,1
1000,100,2,0.5141,702.7655480083436,3
1000,100,2,0.6499,737.3218971944477,6
1000,100,2,0.426,676.7300141024109,3
1000,100,2,0.5441,595.889393668845,4
1000,100,2,0.5288,752.4284989122459,1
1000,100,2,0.567,736.0437226013956,5
1000,100,2,0.5948,799.0853531617383,7
1000,100,2,0.6646,727.6883835420683,7
1000,100,2,0.6734,725.1086937588514,6
1000,100,2,0.5308,692.4518395093589,4
1000,100,2,0.4659,600.6528496361356,4
1000,100,2,0.6644,656.4396462005392,4
1000,100,2,0.4024,598.2031021678298,3
1000,100,2,0.4922,629.1320343559643,0
1000,100,2,0.6073,625.2975105768082,3
1000,100,2,0.5847,638.2031021678298,4
1000,100,2,0.4715,541.8772003600253,3
1000,100,2,0.439,723.5229073212244,3
1000,100,2,0.487,739.1025971044414,2
1000,100,2,0.5494,730.3158005400378,5
1000,100,2,0.7077,549.5756851698602,5
1000,100,2,0.3276,608.1198410471445,3
1000,100,2,0.5461,655.6234123846127,4
1000,100,2,0.5681,710.3746750430836,4
1000,100,2,0.6105,532.9188309203679,3
1000,100,2,0.6772,561.9482681718907,4
1000,100,2,0.4857,707.5523445727473,2
1000,100,2,0.6099,543.3624817342638,5
1000,100,2,0.5638,665.309703885628,4
1000,100,2,0.6005,762.2508293825822,4
1000,100,2,0.494,646.5756851698602,3
1000,100,2,0.5207,652.7239174480011,4
1000,100,2,0.4621,465.48127676088177,3
1000,100,2,0.5806,646.8954903232549,4
1000,100,2,0.558,637.3746750430836,5
1000,100,2,0.657,644.9898987322333,7
1000,100,2,0.5118,627.8660530717319,4
